fetch-interceptor-l_-bWRUT.js:1 [ContextMover:fetch] XMLHttpRequest override installed
fetch-interceptor-l_-bWRUT.js:1 [ContextMover:fetch] window.fetch override installed
fetch-interceptor-l_-bWRUT.js:1 [ContextMover:fetch] WebSocket override installed (Perplexity socket.io)
interceptor-bridge-BPpYPmj_.js:3 [ContextMover:bridge] installed
997f0901-fe73-446a-8fce-bc13aa9603ba:1 Access to script at 'https://perplexity-ai.cloudflareaccess.com/cdn-cgi/access/login/pplx-next-static-public.perplexity.ai?kid=10cf053f9ad67f99b8e50476420ebedcbf95828e029c66575f4893be97b04930&meta=eyJ0eXAiOiJKV1QiLCJhbGciOiJSUzI1NiIsImtpZCI6ImFhNzQwZmU4MjZlZjQwOTIyZTNhODdjM2QxMjIwN2VhMTRhZGE1MjVmZTUxNWNhYmU0Y2JkODZjMzQ5Yjg0MTgifQ.eyJ0eXBlIjoibWV0YSIsImF1ZCI6IjEwY2YwNTNmOWFkNjdmOTliOGU1MDQ3NjQyMGViZWRjYmY5NTgyOGUwMjljNjY1NzVmNDg5M2JlOTdiMDQ5MzAiLCJob3N0bmFtZSI6InBwbHgtbmV4dC1zdGF0aWMtcHVibGljLnBlcnBsZXhpdHkuYWkiLCJyZWRpcmVjdF91cmwiOiIvX3NwYS9hc3NldHMvX3Jlc3RyaWN0ZWQvcmVzdHJpY3RlZC1mZWF0dXJlLWxvYWRlci1DaXRyWEhINS5qcyIsInNlcnZpY2VfdG9rZW5fc3RhdHVzIjpmYWxzZSwiaXNfd2FycCI6ZmFsc2UsImlzX2dhdGV3YXkiOmZhbHNlLCJleHAiOjE3ODA1NDYxNDUsIm5iZiI6MTc4MDU0NTg0NSwiaWF0IjoxNzgwNTQ1ODQ1LCJhdXRoX3N0YXR1cyI6Ik5PTkUiLCJtdGxzX2F1dGgiOnsiY2VydF9pc3N1ZXJfZG4iOiIiLCJjZXJ0X3NlcmlhbCI6IiIsImNlcnRfaXNzdWVyX3NraSI6IiIsImNlcnRfcHJlc2VudGVkIjpmYWxzZSwiY29tbW9uX25hbWUiOiIiLCJhdXRoX3N0YXR1cyI6Ik5PTkUifSwicmVhbF9jb3VudHJ5IjoiSU4iLCJhcHBfc2Vzc2lvbl9oYXNoIjoiNjYxMTk4NDE3YjZjMDM0NTNjOTg2NGU5ZjcyZjg1MDkyY2UyOWFmYzY1ZTE0NWVjNTFjMmI4NGU0MWRjM2EyMSJ9.ghnl25YaqyhMmO9fNuxKrxayUSKip_0HhILZvwM7QtkBpZNLeeeUGXNI6pKxX50O8mZ5WJQ4Z_vpw2I7zO4WjFSScTjFGk5MpbnZpsQTlZL6Z6b4zm-V6QPYaStmhofbvFWLABOBbLW6mwShnmsC0AEEHFfdTDe20NQPr4GHMBNSeANj9Jq3DmAaO7TR-t-GMMb5pJZGf5TfYiw063EGT1iS8qZfS5omrH_P5K7bRPs0zNlhvJk6miG6rTBq7HyyBeaXT_nPjaq-jGKof-naU5OypP-iTYtklmr7xnGeBmnWteb4uDAjBPHJFWBOrvOjwIRzmZEblAVIY6H9yvQ6eA&redirect_url=%2F_spa%2Fassets%2F_restricted%2Frestricted-feature-loader-CitrXHH5.js' (redirected from 'https://pplx-next-static-public.perplexity.ai/_spa/assets/_restricted/restricted-feature-loader-CitrXHH5.js') from origin 'https://www.perplexity.ai' has been blocked by CORS policy: No 'Access-Control-Allow-Origin' header is present on the requested resource.
vite-CC3ayoWd.js:1  GET https://perplexity-ai.cloudflareaccess.com/cdn-cgi/access/login/pplx-next-static-public.perplexity.ai?kid=10cf053f9ad67f99b8e50476420ebedcbf95828e029c66575f4893be97b04930&meta=eyJ0eXAiOiJKV1QiLCJhbGciOiJSUzI1NiIsImtpZCI6ImFhNzQwZmU4MjZlZjQwOTIyZTNhODdjM2QxMjIwN2VhMTRhZGE1MjVmZTUxNWNhYmU0Y2JkODZjMzQ5Yjg0MTgifQ.eyJ0eXBlIjoibWV0YSIsImF1ZCI6IjEwY2YwNTNmOWFkNjdmOTliOGU1MDQ3NjQyMGViZWRjYmY5NTgyOGUwMjljNjY1NzVmNDg5M2JlOTdiMDQ5MzAiLCJob3N0bmFtZSI6InBwbHgtbmV4dC1zdGF0aWMtcHVibGljLnBlcnBsZXhpdHkuYWkiLCJyZWRpcmVjdF91cmwiOiIvX3NwYS9hc3NldHMvX3Jlc3RyaWN0ZWQvcmVzdHJpY3RlZC1mZWF0dXJlLWxvYWRlci1DaXRyWEhINS5qcyIsInNlcnZpY2VfdG9rZW5fc3RhdHVzIjpmYWxzZSwiaXNfd2FycCI6ZmFsc2UsImlzX2dhdGV3YXkiOmZhbHNlLCJleHAiOjE3ODA1NDYxNDUsIm5iZiI6MTc4MDU0NTg0NSwiaWF0IjoxNzgwNTQ1ODQ1LCJhdXRoX3N0YXR1cyI6Ik5PTkUiLCJtdGxzX2F1dGgiOnsiY2VydF9pc3N1ZXJfZG4iOiIiLCJjZXJ0X3NlcmlhbCI6IiIsImNlcnRfaXNzdWVyX3NraSI6IiIsImNlcnRfcHJlc2VudGVkIjpmYWxzZSwiY29tbW9uX25hbWUiOiIiLCJhdXRoX3N0YXR1cyI6Ik5PTkUifSwicmVhbF9jb3VudHJ5IjoiSU4iLCJhcHBfc2Vzc2lvbl9oYXNoIjoiNjYxMTk4NDE3YjZjMDM0NTNjOTg2NGU5ZjcyZjg1MDkyY2UyOWFmYzY1ZTE0NWVjNTFjMmI4NGU0MWRjM2EyMSJ9.ghnl25YaqyhMmO9fNuxKrxayUSKip_0HhILZvwM7QtkBpZNLeeeUGXNI6pKxX50O8mZ5WJQ4Z_vpw2I7zO4WjFSScTjFGk5MpbnZpsQTlZL6Z6b4zm-V6QPYaStmhofbvFWLABOBbLW6mwShnmsC0AEEHFfdTDe20NQPr4GHMBNSeANj9Jq3DmAaO7TR-t-GMMb5pJZGf5TfYiw063EGT1iS8qZfS5omrH_P5K7bRPs0zNlhvJk6miG6rTBq7HyyBeaXT_nPjaq-jGKof-naU5OypP-iTYtklmr7xnGeBmnWteb4uDAjBPHJFWBOrvOjwIRzmZEblAVIY6H9yvQ6eA&redirect_url=%2F_spa%2Fassets%2F_restricted%2Frestricted-feature-loader-CitrXHH5.js net::ERR_FAILED 200 (OK)
(anonymous) @ vite-CC3ayoWd.js:1
r @ vite-CC3ayoWd.js:1
ho.noRetry @ platform-core-BPOTJzK1.js:6
r @ platform-core-BPOTJzK1.js:6
(anonymous) @ platform-core-BPOTJzK1.js:6
Rc @ vendors-DwcbDYjC.js:13
wl @ vendors-DwcbDYjC.js:13
Cl @ vendors-DwcbDYjC.js:13
wl @ vendors-DwcbDYjC.js:13
Cl @ vendors-DwcbDYjC.js:13
wl @ vendors-DwcbDYjC.js:13
Cl @ vendors-DwcbDYjC.js:13
wl @ vendors-DwcbDYjC.js:13
Cl @ vendors-DwcbDYjC.js:13
wl @ vendors-DwcbDYjC.js:13
Cl @ vendors-DwcbDYjC.js:13
wl @ vendors-DwcbDYjC.js:13
Cl @ vendors-DwcbDYjC.js:13
wl @ vendors-DwcbDYjC.js:13
Cl @ vendors-DwcbDYjC.js:13
wl @ vendors-DwcbDYjC.js:13
Cl @ vendors-DwcbDYjC.js:13
wl @ vendors-DwcbDYjC.js:13
Cl @ vendors-DwcbDYjC.js:13
wl @ vendors-DwcbDYjC.js:13
Cl @ vendors-DwcbDYjC.js:13
wl @ vendors-DwcbDYjC.js:13
Cl @ vendors-DwcbDYjC.js:13
wl @ vendors-DwcbDYjC.js:13
Cl @ vendors-DwcbDYjC.js:13
wl @ vendors-DwcbDYjC.js:13
Cl @ vendors-DwcbDYjC.js:13
wl @ vendors-DwcbDYjC.js:13
Cl @ vendors-DwcbDYjC.js:13
wl @ vendors-DwcbDYjC.js:13
Cl @ vendors-DwcbDYjC.js:13
wl @ vendors-DwcbDYjC.js:13
Cl @ vendors-DwcbDYjC.js:13
wl @ vendors-DwcbDYjC.js:13
Cl @ vendors-DwcbDYjC.js:13
wl @ vendors-DwcbDYjC.js:13
Cl @ vendors-DwcbDYjC.js:13
wl @ vendors-DwcbDYjC.js:13
Cl @ vendors-DwcbDYjC.js:13
wl @ vendors-DwcbDYjC.js:13
Cl @ vendors-DwcbDYjC.js:13
wl @ vendors-DwcbDYjC.js:13
Cl @ vendors-DwcbDYjC.js:13
wl @ vendors-DwcbDYjC.js:13
Cl @ vendors-DwcbDYjC.js:13
wl @ vendors-DwcbDYjC.js:13
Cl @ vendors-DwcbDYjC.js:13
wl @ vendors-DwcbDYjC.js:13
Cl @ vendors-DwcbDYjC.js:13
wl @ vendors-DwcbDYjC.js:13
Cl @ vendors-DwcbDYjC.js:13
wl @ vendors-DwcbDYjC.js:13
Cl @ vendors-DwcbDYjC.js:13
wl @ vendors-DwcbDYjC.js:13
Cl @ vendors-DwcbDYjC.js:13
wl @ vendors-DwcbDYjC.js:13
Cl @ vendors-DwcbDYjC.js:13
wl @ vendors-DwcbDYjC.js:13
Cl @ vendors-DwcbDYjC.js:13
wl @ vendors-DwcbDYjC.js:13
Cl @ vendors-DwcbDYjC.js:13
wl @ vendors-DwcbDYjC.js:13
Cl @ vendors-DwcbDYjC.js:13
wl @ vendors-DwcbDYjC.js:13
Cl @ vendors-DwcbDYjC.js:13
wl @ vendors-DwcbDYjC.js:13
Cl @ vendors-DwcbDYjC.js:13
wl @ vendors-DwcbDYjC.js:13
Cl @ vendors-DwcbDYjC.js:13
wl @ vendors-DwcbDYjC.js:13
Cl @ vendors-DwcbDYjC.js:13
wl @ vendors-DwcbDYjC.js:13
Cl @ vendors-DwcbDYjC.js:13
wl @ vendors-DwcbDYjC.js:13
Cl @ vendors-DwcbDYjC.js:13
wl @ vendors-DwcbDYjC.js:13
Cl @ vendors-DwcbDYjC.js:13
wl @ vendors-DwcbDYjC.js:13
Cl @ vendors-DwcbDYjC.js:13
wl @ vendors-DwcbDYjC.js:13
Cl @ vendors-DwcbDYjC.js:13
wl @ vendors-DwcbDYjC.js:13
Cl @ vendors-DwcbDYjC.js:13
wl @ vendors-DwcbDYjC.js:13
Cl @ vendors-DwcbDYjC.js:13
wl @ vendors-DwcbDYjC.js:13
Cl @ vendors-DwcbDYjC.js:13
wl @ vendors-DwcbDYjC.js:13
Cl @ vendors-DwcbDYjC.js:13
wl @ vendors-DwcbDYjC.js:13
Cl @ vendors-DwcbDYjC.js:13
wl @ vendors-DwcbDYjC.js:13
Cl @ vendors-DwcbDYjC.js:13
wl @ vendors-DwcbDYjC.js:13
Cl @ vendors-DwcbDYjC.js:13
wl @ vendors-DwcbDYjC.js:13
Cl @ vendors-DwcbDYjC.js:13
wl @ vendors-DwcbDYjC.js:13
Cl @ vendors-DwcbDYjC.js:13
wl @ vendors-DwcbDYjC.js:13
Cl @ vendors-DwcbDYjC.js:13
wl @ vendors-DwcbDYjC.js:13
Cl @ vendors-DwcbDYjC.js:13
wl @ vendors-DwcbDYjC.js:13
Cl @ vendors-DwcbDYjC.js:13
wl @ vendors-DwcbDYjC.js:13
Cl @ vendors-DwcbDYjC.js:13
wl @ vendors-DwcbDYjC.js:13
Cl @ vendors-DwcbDYjC.js:13
wl @ vendors-DwcbDYjC.js:13
Cl @ vendors-DwcbDYjC.js:13
wl @ vendors-DwcbDYjC.js:13
Cl @ vendors-DwcbDYjC.js:13
wl @ vendors-DwcbDYjC.js:13
Cl @ vendors-DwcbDYjC.js:13
wl @ vendors-DwcbDYjC.js:13
Cl @ vendors-DwcbDYjC.js:13
wl @ vendors-DwcbDYjC.js:13
Cl @ vendors-DwcbDYjC.js:13
wl @ vendors-DwcbDYjC.js:13
Cl @ vendors-DwcbDYjC.js:13
wl @ vendors-DwcbDYjC.js:13
Cl @ vendors-DwcbDYjC.js:13
wl @ vendors-DwcbDYjC.js:13
Cl @ vendors-DwcbDYjC.js:13
wl @ vendors-DwcbDYjC.js:13
Cl @ vendors-DwcbDYjC.js:13
wl @ vendors-DwcbDYjC.js:13
Cl @ vendors-DwcbDYjC.js:13
wl @ vendors-DwcbDYjC.js:13
Cl @ vendors-DwcbDYjC.js:13
wl @ vendors-DwcbDYjC.js:13
Cl @ vendors-DwcbDYjC.js:13
wl @ vendors-DwcbDYjC.js:13
Cl @ vendors-DwcbDYjC.js:13
wl @ vendors-DwcbDYjC.js:13
Cl @ vendors-DwcbDYjC.js:13
wl @ vendors-DwcbDYjC.js:13
Cl @ vendors-DwcbDYjC.js:13
wl @ vendors-DwcbDYjC.js:13
Cl @ vendors-DwcbDYjC.js:13
wl @ vendors-DwcbDYjC.js:13
Cl @ vendors-DwcbDYjC.js:13
wl @ vendors-DwcbDYjC.js:13
Cl @ vendors-DwcbDYjC.js:13
wl @ vendors-DwcbDYjC.js:13
Cl @ vendors-DwcbDYjC.js:13
wl @ vendors-DwcbDYjC.js:13
Cl @ vendors-DwcbDYjC.js:13
wl @ vendors-DwcbDYjC.js:13
Cl @ vendors-DwcbDYjC.js:13
wl @ vendors-DwcbDYjC.js:13
Cl @ vendors-DwcbDYjC.js:13
wl @ vendors-DwcbDYjC.js:13
Cl @ vendors-DwcbDYjC.js:13
wl @ vendors-DwcbDYjC.js:13
Cl @ vendors-DwcbDYjC.js:13
wl @ vendors-DwcbDYjC.js:13
Cl @ vendors-DwcbDYjC.js:13
wl @ vendors-DwcbDYjC.js:13
Cl @ vendors-DwcbDYjC.js:13
wl @ vendors-DwcbDYjC.js:13
Cl @ vendors-DwcbDYjC.js:13
wl @ vendors-DwcbDYjC.js:13
Cl @ vendors-DwcbDYjC.js:13
wl @ vendors-DwcbDYjC.js:13
Cl @ vendors-DwcbDYjC.js:13
wl @ vendors-DwcbDYjC.js:13
Cl @ vendors-DwcbDYjC.js:13
wl @ vendors-DwcbDYjC.js:13
Cl @ vendors-DwcbDYjC.js:13
wl @ vendors-DwcbDYjC.js:13
Cl @ vendors-DwcbDYjC.js:13
wl @ vendors-DwcbDYjC.js:13
Cl @ vendors-DwcbDYjC.js:13
wl @ vendors-DwcbDYjC.js:13
Cl @ vendors-DwcbDYjC.js:13
wl @ vendors-DwcbDYjC.js:13
Cl @ vendors-DwcbDYjC.js:13
wl @ vendors-DwcbDYjC.js:13
Cl @ vendors-DwcbDYjC.js:13
wl @ vendors-DwcbDYjC.js:13
Cl @ vendors-DwcbDYjC.js:13
wl @ vendors-DwcbDYjC.js:13
Cl @ vendors-DwcbDYjC.js:13
wl @ vendors-DwcbDYjC.js:13
Cl @ vendors-DwcbDYjC.js:13
wl @ vendors-DwcbDYjC.js:13
Cl @ vendors-DwcbDYjC.js:13
wl @ vendors-DwcbDYjC.js:13
Vu @ vendors-DwcbDYjC.js:13
(anonymous) @ vendors-DwcbDYjC.js:13
w @ vendors-DwcbDYjC.js:6
postMessage
re @ vendors-DwcbDYjC.js:6
w @ vendors-DwcbDYjC.js:6
postMessage
re @ vendors-DwcbDYjC.js:6
e.unstable_scheduleCallback @ vendors-DwcbDYjC.js:6
ad @ vendors-DwcbDYjC.js:13
id @ vendors-DwcbDYjC.js:13
(anonymous) @ vendors-DwcbDYjC.js:13
vendors-DwcbDYjC.js:5 [ContextMover:fetch] perplexity WS: attached listener on wss://suggest.perplexity.ai/suggest/ws
perplexity-C6cLIoV2.js:5 [ContextMover] Perplexity content script loaded
shared-B_vq3eAE.js:9 [ContextMover] Capture triggered for perplexity (DOM fallback)
perplexity-C6cLIoV2.js:5 [ContextMover:perplexity] A data-message-role: 0
perplexity-C6cLIoV2.js:5 [ContextMover:perplexity] B class-substr: user=5 asst=1
perplexity-C6cLIoV2.js:5 [ContextMover:perplexity] empty content for role=assistant
scrapeMessages @ perplexity-C6cLIoV2.js:5
runCapturePipeline @ shared-B_vq3eAE.js:9
scrapeMessages @ perplexity-C6cLIoV2.js:5
_0x28dda8 @ shared-B_vq3eAE.js:9
LvMRz @ shared-B_vq3eAE.js:9
startSessionCapture @ shared-B_vq3eAE.js:9
(anonymous) @ perplexity-C6cLIoV2.js:5
perplexity-C6cLIoV2.js:5 [CM:capture] perplexity {total: 5, user: 5, assistant: 0, preview: Array(5)}
perplexity-C6cLIoV2.js:5 [ContextMover:perplexity] ASSISTANT MESSAGES MISSING
scrapeMessages @ perplexity-C6cLIoV2.js:5
runCapturePipeline @ shared-B_vq3eAE.js:9
scrapeMessages @ perplexity-C6cLIoV2.js:5
_0x28dda8 @ shared-B_vq3eAE.js:9
LvMRz @ shared-B_vq3eAE.js:9
startSessionCapture @ shared-B_vq3eAE.js:9
(anonymous) @ perplexity-C6cLIoV2.js:5
shared-B_vq3eAE.js:3 [CM:validate] perplexity: {valid: false, errors: Array(1), warnings: Array(2), stats: {…}}
shared-B_vq3eAE.js:3 [CM:validate] perplexity: {valid: false, errors: Array(1), warnings: Array(2), stats: {…}}
shared-B_vq3eAE.js:9 [ContextMover] Skipping capture — 5 user-only messages (awaiting assistant response)
shared-B_vq3eAE.js:9 [CM:perplexity] scrollback: starting — loading lazy history
shared-B_vq3eAE.js:9 [CM:perplexity] scrollback: DOM settled — running full capture
shared-B_vq3eAE.js:9 [ContextMover] Capture triggered for perplexity (DOM fallback)
perplexity-C6cLIoV2.js:5 [ContextMover:perplexity] A data-message-role: 0
perplexity-C6cLIoV2.js:5 [ContextMover:perplexity] B class-substr: user=5 asst=1
perplexity-C6cLIoV2.js:5 [ContextMover:perplexity] empty content for role=assistant
scrapeMessages @ perplexity-C6cLIoV2.js:5
runCapturePipeline @ shared-B_vq3eAE.js:9
scrapeMessages @ perplexity-C6cLIoV2.js:5
_0x28dda8 @ shared-B_vq3eAE.js:9
Vosgj @ shared-B_vq3eAE.js:9
(anonymous) @ shared-B_vq3eAE.js:9
await in (anonymous)
startSessionCapture @ shared-B_vq3eAE.js:9
(anonymous) @ perplexity-C6cLIoV2.js:5
perplexity-C6cLIoV2.js:5 [CM:capture] perplexity {total: 5, user: 5, assistant: 0, preview: Array(5)}
perplexity-C6cLIoV2.js:5 [ContextMover:perplexity] ASSISTANT MESSAGES MISSING
scrapeMessages @ perplexity-C6cLIoV2.js:5
runCapturePipeline @ shared-B_vq3eAE.js:9
scrapeMessages @ perplexity-C6cLIoV2.js:5
_0x28dda8 @ shared-B_vq3eAE.js:9
Vosgj @ shared-B_vq3eAE.js:9
(anonymous) @ shared-B_vq3eAE.js:9
await in (anonymous)
startSessionCapture @ shared-B_vq3eAE.js:9
(anonymous) @ perplexity-C6cLIoV2.js:5
shared-B_vq3eAE.js:3 [CM:validate] perplexity: {valid: false, errors: Array(1), warnings: Array(2), stats: {…}}
shared-B_vq3eAE.js:3 [CM:validate] perplexity: {valid: false, errors: Array(1), warnings: Array(2), stats: {…}}
shared-B_vq3eAE.js:9 [ContextMover] Skipping capture — 5 user-only messages (awaiting assistant response)
fetch-interceptor-l_-bWRUT.js:1  GET https://www.perplexity.ai/rest/billing/credits/computer-submit-gate?version=2.18&source=default 404 (Not Found)
VKGlI @ fetch-interceptor-l_-bWRUT.js:1
_0x160413.<computed>._0x160413.coxQc.window.<computed> @ fetch-interceptor-l_-bWRUT.js:1
o @ vendors-DwcbDYjC.js:5
bi @ platform-core-BPOTJzK1.js:6
Mi @ platform-core-BPOTJzK1.js:6
fetch @ platform-core-BPOTJzK1.js:6
await in fetch
u @ platform-core-BPOTJzK1.js:6
GET @ platform-core-BPOTJzK1.js:6
GET @ platform-core-BPOTJzK1.js:6
v_ @ ask-input-kN0BE_tT.js:16
queryFn @ ask-input-kN0BE_tT.js:16
l @ react-query-C3uAph05.js:1
i @ react-query-C3uAph05.js:1
m @ react-query-C3uAph05.js:1
start @ react-query-C3uAph05.js:1
fetch @ react-query-C3uAph05.js:1
#h @ react-query-C3uAph05.js:1
onSubscribe @ react-query-C3uAph05.js:1
subscribe @ react-query-C3uAph05.js:1
(anonymous) @ react-query-C3uAph05.js:1
Bo @ vendors-DwcbDYjC.js:13
Rc @ vendors-DwcbDYjC.js:13
wl @ vendors-DwcbDYjC.js:13
Cl @ vendors-DwcbDYjC.js:13
wl @ vendors-DwcbDYjC.js:13
Cl @ vendors-DwcbDYjC.js:13
wl @ vendors-DwcbDYjC.js:13
Cl @ vendors-DwcbDYjC.js:13
wl @ vendors-DwcbDYjC.js:13
Cl @ vendors-DwcbDYjC.js:13
wl @ vendors-DwcbDYjC.js:13
Cl @ vendors-DwcbDYjC.js:13
wl @ vendors-DwcbDYjC.js:13
Cl @ vendors-DwcbDYjC.js:13
wl @ vendors-DwcbDYjC.js:13
Cl @ vendors-DwcbDYjC.js:13
wl @ vendors-DwcbDYjC.js:13
Cl @ vendors-DwcbDYjC.js:13
wl @ vendors-DwcbDYjC.js:13
Cl @ vendors-DwcbDYjC.js:13
wl @ vendors-DwcbDYjC.js:13
Cl @ vendors-DwcbDYjC.js:13
wl @ vendors-DwcbDYjC.js:13
Cl @ vendors-DwcbDYjC.js:13
wl @ vendors-DwcbDYjC.js:13
Cl @ vendors-DwcbDYjC.js:13
wl @ vendors-DwcbDYjC.js:13
Cl @ vendors-DwcbDYjC.js:13
wl @ vendors-DwcbDYjC.js:13
Cl @ vendors-DwcbDYjC.js:13
wl @ vendors-DwcbDYjC.js:13
Cl @ vendors-DwcbDYjC.js:13
wl @ vendors-DwcbDYjC.js:13
Cl @ vendors-DwcbDYjC.js:13
wl @ vendors-DwcbDYjC.js:13
Cl @ vendors-DwcbDYjC.js:13
wl @ vendors-DwcbDYjC.js:13
Cl @ vendors-DwcbDYjC.js:13
wl @ vendors-DwcbDYjC.js:13
Cl @ vendors-DwcbDYjC.js:13
wl @ vendors-DwcbDYjC.js:13
Cl @ vendors-DwcbDYjC.js:13
wl @ vendors-DwcbDYjC.js:13
Cl @ vendors-DwcbDYjC.js:13
wl @ vendors-DwcbDYjC.js:13
Cl @ vendors-DwcbDYjC.js:13
wl @ vendors-DwcbDYjC.js:13
Cl @ vendors-DwcbDYjC.js:13
wl @ vendors-DwcbDYjC.js:13
Cl @ vendors-DwcbDYjC.js:13
wl @ vendors-DwcbDYjC.js:13
Cl @ vendors-DwcbDYjC.js:13
wl @ vendors-DwcbDYjC.js:13
Cl @ vendors-DwcbDYjC.js:13
wl @ vendors-DwcbDYjC.js:13
Cl @ vendors-DwcbDYjC.js:13
wl @ vendors-DwcbDYjC.js:13
Cl @ vendors-DwcbDYjC.js:13
wl @ vendors-DwcbDYjC.js:13
Cl @ vendors-DwcbDYjC.js:13
wl @ vendors-DwcbDYjC.js:13
Cl @ vendors-DwcbDYjC.js:13
wl @ vendors-DwcbDYjC.js:13
Cl @ vendors-DwcbDYjC.js:13
wl @ vendors-DwcbDYjC.js:13
Cl @ vendors-DwcbDYjC.js:13
wl @ vendors-DwcbDYjC.js:13
Cl @ vendors-DwcbDYjC.js:13
wl @ vendors-DwcbDYjC.js:13
Cl @ vendors-DwcbDYjC.js:13
wl @ vendors-DwcbDYjC.js:13
Cl @ vendors-DwcbDYjC.js:13
wl @ vendors-DwcbDYjC.js:13
Cl @ vendors-DwcbDYjC.js:13
wl @ vendors-DwcbDYjC.js:13
Cl @ vendors-DwcbDYjC.js:13
wl @ vendors-DwcbDYjC.js:13
Cl @ vendors-DwcbDYjC.js:13
wl @ vendors-DwcbDYjC.js:13
Cl @ vendors-DwcbDYjC.js:13
wl @ vendors-DwcbDYjC.js:13
Cl @ vendors-DwcbDYjC.js:13
wl @ vendors-DwcbDYjC.js:13
Cl @ vendors-DwcbDYjC.js:13
wl @ vendors-DwcbDYjC.js:13
Cl @ vendors-DwcbDYjC.js:13
wl @ vendors-DwcbDYjC.js:13
Cl @ vendors-DwcbDYjC.js:13
wl @ vendors-DwcbDYjC.js:13
Cl @ vendors-DwcbDYjC.js:13
wl @ vendors-DwcbDYjC.js:13
Cl @ vendors-DwcbDYjC.js:13
wl @ vendors-DwcbDYjC.js:13
Cl @ vendors-DwcbDYjC.js:13
wl @ vendors-DwcbDYjC.js:13
Cl @ vendors-DwcbDYjC.js:13
wl @ vendors-DwcbDYjC.js:13
Cl @ vendors-DwcbDYjC.js:13
wl @ vendors-DwcbDYjC.js:13
Cl @ vendors-DwcbDYjC.js:13
wl @ vendors-DwcbDYjC.js:13
Cl @ vendors-DwcbDYjC.js:13
wl @ vendors-DwcbDYjC.js:13
Cl @ vendors-DwcbDYjC.js:13
wl @ vendors-DwcbDYjC.js:13
Cl @ vendors-DwcbDYjC.js:13
wl @ vendors-DwcbDYjC.js:13
Cl @ vendors-DwcbDYjC.js:13
wl @ vendors-DwcbDYjC.js:13
Cl @ vendors-DwcbDYjC.js:13
wl @ vendors-DwcbDYjC.js:13
Cl @ vendors-DwcbDYjC.js:13
wl @ vendors-DwcbDYjC.js:13
Cl @ vendors-DwcbDYjC.js:13
wl @ vendors-DwcbDYjC.js:13
Cl @ vendors-DwcbDYjC.js:13
wl @ vendors-DwcbDYjC.js:13
Cl @ vendors-DwcbDYjC.js:13
wl @ vendors-DwcbDYjC.js:13
Cl @ vendors-DwcbDYjC.js:13
wl @ vendors-DwcbDYjC.js:13
Cl @ vendors-DwcbDYjC.js:13
wl @ vendors-DwcbDYjC.js:13
Cl @ vendors-DwcbDYjC.js:13
wl @ vendors-DwcbDYjC.js:13
Cl @ vendors-DwcbDYjC.js:13
wl @ vendors-DwcbDYjC.js:13
Cl @ vendors-DwcbDYjC.js:13
wl @ vendors-DwcbDYjC.js:13
Cl @ vendors-DwcbDYjC.js:13
wl @ vendors-DwcbDYjC.js:13
Cl @ vendors-DwcbDYjC.js:13
wl @ vendors-DwcbDYjC.js:13
Cl @ vendors-DwcbDYjC.js:13
wl @ vendors-DwcbDYjC.js:13
Cl @ vendors-DwcbDYjC.js:13
wl @ vendors-DwcbDYjC.js:13
Cl @ vendors-DwcbDYjC.js:13
wl @ vendors-DwcbDYjC.js:13
Cl @ vendors-DwcbDYjC.js:13
wl @ vendors-DwcbDYjC.js:13
Cl @ vendors-DwcbDYjC.js:13
wl @ vendors-DwcbDYjC.js:13
Cl @ vendors-DwcbDYjC.js:13
wl @ vendors-DwcbDYjC.js:13
Cl @ vendors-DwcbDYjC.js:13
wl @ vendors-DwcbDYjC.js:13
Cl @ vendors-DwcbDYjC.js:13
wl @ vendors-DwcbDYjC.js:13
Cl @ vendors-DwcbDYjC.js:13
wl @ vendors-DwcbDYjC.js:13
Cl @ vendors-DwcbDYjC.js:13
wl @ vendors-DwcbDYjC.js:13
Cl @ vendors-DwcbDYjC.js:13
wl @ vendors-DwcbDYjC.js:13
Cl @ vendors-DwcbDYjC.js:13
wl @ vendors-DwcbDYjC.js:13
Cl @ vendors-DwcbDYjC.js:13
wl @ vendors-DwcbDYjC.js:13
Cl @ vendors-DwcbDYjC.js:13
wl @ vendors-DwcbDYjC.js:13
Cl @ vendors-DwcbDYjC.js:13
wl @ vendors-DwcbDYjC.js:13
Cl @ vendors-DwcbDYjC.js:13
wl @ vendors-DwcbDYjC.js:13
Cl @ vendors-DwcbDYjC.js:13
wl @ vendors-DwcbDYjC.js:13
Cl @ vendors-DwcbDYjC.js:13
wl @ vendors-DwcbDYjC.js:13
Cl @ vendors-DwcbDYjC.js:13
wl @ vendors-DwcbDYjC.js:13
Cl @ vendors-DwcbDYjC.js:13
wl @ vendors-DwcbDYjC.js:13
Cl @ vendors-DwcbDYjC.js:13
wl @ vendors-DwcbDYjC.js:13
Cl @ vendors-DwcbDYjC.js:13
wl @ vendors-DwcbDYjC.js:13
Cl @ vendors-DwcbDYjC.js:13
wl @ vendors-DwcbDYjC.js:13
Cl @ vendors-DwcbDYjC.js:13
wl @ vendors-DwcbDYjC.js:13
Cl @ vendors-DwcbDYjC.js:13
wl @ vendors-DwcbDYjC.js:13
Cl @ vendors-DwcbDYjC.js:13
wl @ vendors-DwcbDYjC.js:13
Promise.then
(anonymous) @ platform-core-BPOTJzK1.js:6
Rc @ vendors-DwcbDYjC.js:13
wl @ vendors-DwcbDYjC.js:13
Cl @ vendors-DwcbDYjC.js:13
wl @ vendors-DwcbDYjC.js:13
Cl @ vendors-DwcbDYjC.js:13
wl @ vendors-DwcbDYjC.js:13
Cl @ vendors-DwcbDYjC.js:13
wl @ vendors-DwcbDYjC.js:13
Cl @ vendors-DwcbDYjC.js:13
wl @ vendors-DwcbDYjC.js:13
Cl @ vendors-DwcbDYjC.js:13
wl @ vendors-DwcbDYjC.js:13
Cl @ vendors-DwcbDYjC.js:13
wl @ vendors-DwcbDYjC.js:13
Cl @ vendors-DwcbDYjC.js:13
wl @ vendors-DwcbDYjC.js:13
Cl @ vendors-DwcbDYjC.js:13
wl @ vendors-DwcbDYjC.js:13
Cl @ vendors-DwcbDYjC.js:13
wl @ vendors-DwcbDYjC.js:13
Cl @ vendors-DwcbDYjC.js:13
wl @ vendors-DwcbDYjC.js:13
Cl @ vendors-DwcbDYjC.js:13
wl @ vendors-DwcbDYjC.js:13
Cl @ vendors-DwcbDYjC.js:13
wl @ vendors-DwcbDYjC.js:13
Cl @ vendors-DwcbDYjC.js:13
wl @ vendors-DwcbDYjC.js:13
Cl @ vendors-DwcbDYjC.js:13
wl @ vendors-DwcbDYjC.js:13
Cl @ vendors-DwcbDYjC.js:13
wl @ vendors-DwcbDYjC.js:13
Cl @ vendors-DwcbDYjC.js:13
wl @ vendors-DwcbDYjC.js:13
Cl @ vendors-DwcbDYjC.js:13
wl @ vendors-DwcbDYjC.js:13
Cl @ vendors-DwcbDYjC.js:13
wl @ vendors-DwcbDYjC.js:13
Cl @ vendors-DwcbDYjC.js:13
wl @ vendors-DwcbDYjC.js:13
Cl @ vendors-DwcbDYjC.js:13
wl @ vendors-DwcbDYjC.js:13
Cl @ vendors-DwcbDYjC.js:13
wl @ vendors-DwcbDYjC.js:13
Cl @ vendors-DwcbDYjC.js:13
wl @ vendors-DwcbDYjC.js:13
Cl @ vendors-DwcbDYjC.js:13
wl @ vendors-DwcbDYjC.js:13
Cl @ vendors-DwcbDYjC.js:13
wl @ vendors-DwcbDYjC.js:13
Cl @ vendors-DwcbDYjC.js:13
wl @ vendors-DwcbDYjC.js:13
Cl @ vendors-DwcbDYjC.js:13
wl @ vendors-DwcbDYjC.js:13
Cl @ vendors-DwcbDYjC.js:13
wl @ vendors-DwcbDYjC.js:13
Cl @ vendors-DwcbDYjC.js:13
wl @ vendors-DwcbDYjC.js:13
Cl @ vendors-DwcbDYjC.js:13
wl @ vendors-DwcbDYjC.js:13
Cl @ vendors-DwcbDYjC.js:13
wl @ vendors-DwcbDYjC.js:13
Cl @ vendors-DwcbDYjC.js:13
wl @ vendors-DwcbDYjC.js:13
Cl @ vendors-DwcbDYjC.js:13
wl @ vendors-DwcbDYjC.js:13
Cl @ vendors-DwcbDYjC.js:13
wl @ vendors-DwcbDYjC.js:13
Cl @ vendors-DwcbDYjC.js:13
wl @ vendors-DwcbDYjC.js:13
Cl @ vendors-DwcbDYjC.js:13
wl @ vendors-DwcbDYjC.js:13
Cl @ vendors-DwcbDYjC.js:13
wl @ vendors-DwcbDYjC.js:13
Cl @ vendors-DwcbDYjC.js:13
wl @ vendors-DwcbDYjC.js:13
Cl @ vendors-DwcbDYjC.js:13
wl @ vendors-DwcbDYjC.js:13
Cl @ vendors-DwcbDYjC.js:13
wl @ vendors-DwcbDYjC.js:13
Cl @ vendors-DwcbDYjC.js:13
wl @ vendors-DwcbDYjC.js:13
Cl @ vendors-DwcbDYjC.js:13
wl @ vendors-DwcbDYjC.js:13
Cl @ vendors-DwcbDYjC.js:13
wl @ vendors-DwcbDYjC.js:13
Cl @ vendors-DwcbDYjC.js:13
wl @ vendors-DwcbDYjC.js:13
Cl @ vendors-DwcbDYjC.js:13
wl @ vendors-DwcbDYjC.js:13
Cl @ vendors-DwcbDYjC.js:13
wl @ vendors-DwcbDYjC.js:13
Cl @ vendors-DwcbDYjC.js:13
wl @ vendors-DwcbDYjC.js:13
Cl @ vendors-DwcbDYjC.js:13
wl @ vendors-DwcbDYjC.js:13
Cl @ vendors-DwcbDYjC.js:13
wl @ vendors-DwcbDYjC.js:13
Cl @ vendors-DwcbDYjC.js:13
wl @ vendors-DwcbDYjC.js:13
Cl @ vendors-DwcbDYjC.js:13
wl @ vendors-DwcbDYjC.js:13
Cl @ vendors-DwcbDYjC.js:13
wl @ vendors-DwcbDYjC.js:13
Cl @ vendors-DwcbDYjC.js:13
wl @ vendors-DwcbDYjC.js:13
Cl @ vendors-DwcbDYjC.js:13
wl @ vendors-DwcbDYjC.js:13
Cl @ vendors-DwcbDYjC.js:13
wl @ vendors-DwcbDYjC.js:13
Cl @ vendors-DwcbDYjC.js:13
wl @ vendors-DwcbDYjC.js:13
Cl @ vendors-DwcbDYjC.js:13
wl @ vendors-DwcbDYjC.js:13
Cl @ vendors-DwcbDYjC.js:13
wl @ vendors-DwcbDYjC.js:13
Cl @ vendors-DwcbDYjC.js:13
wl @ vendors-DwcbDYjC.js:13
Cl @ vendors-DwcbDYjC.js:13
wl @ vendors-DwcbDYjC.js:13
Cl @ vendors-DwcbDYjC.js:13
wl @ vendors-DwcbDYjC.js:13
Cl @ vendors-DwcbDYjC.js:13
wl @ vendors-DwcbDYjC.js:13
Cl @ vendors-DwcbDYjC.js:13
wl @ vendors-DwcbDYjC.js:13
Cl @ vendors-DwcbDYjC.js:13
wl @ vendors-DwcbDYjC.js:13
Cl @ vendors-DwcbDYjC.js:13
wl @ vendors-DwcbDYjC.js:13
Cl @ vendors-DwcbDYjC.js:13
wl @ vendors-DwcbDYjC.js:13
Cl @ vendors-DwcbDYjC.js:13
wl @ vendors-DwcbDYjC.js:13
Cl @ vendors-DwcbDYjC.js:13
wl @ vendors-DwcbDYjC.js:13
Cl @ vendors-DwcbDYjC.js:13
wl @ vendors-DwcbDYjC.js:13
Cl @ vendors-DwcbDYjC.js:13
wl @ vendors-DwcbDYjC.js:13
Cl @ vendors-DwcbDYjC.js:13
wl @ vendors-DwcbDYjC.js:13
Cl @ vendors-DwcbDYjC.js:13
wl @ vendors-DwcbDYjC.js:13
Cl @ vendors-DwcbDYjC.js:13
wl @ vendors-DwcbDYjC.js:13
Cl @ vendors-DwcbDYjC.js:13
wl @ vendors-DwcbDYjC.js:13
Cl @ vendors-DwcbDYjC.js:13
wl @ vendors-DwcbDYjC.js:13
Cl @ vendors-DwcbDYjC.js:13
wl @ vendors-DwcbDYjC.js:13
Cl @ vendors-DwcbDYjC.js:13
wl @ vendors-DwcbDYjC.js:13
Cl @ vendors-DwcbDYjC.js:13
wl @ vendors-DwcbDYjC.js:13
Cl @ vendors-DwcbDYjC.js:13
wl @ vendors-DwcbDYjC.js:13
Cl @ vendors-DwcbDYjC.js:13
wl @ vendors-DwcbDYjC.js:13
Cl @ vendors-DwcbDYjC.js:13
wl @ vendors-DwcbDYjC.js:13
Cl @ vendors-DwcbDYjC.js:13
wl @ vendors-DwcbDYjC.js:13
Cl @ vendors-DwcbDYjC.js:13
wl @ vendors-DwcbDYjC.js:13
Cl @ vendors-DwcbDYjC.js:13
wl @ vendors-DwcbDYjC.js:13
Cl @ vendors-DwcbDYjC.js:13
wl @ vendors-DwcbDYjC.js:13
Cl @ vendors-DwcbDYjC.js:13
wl @ vendors-DwcbDYjC.js:13
Cl @ vendors-DwcbDYjC.js:13
wl @ vendors-DwcbDYjC.js:13
Cl @ vendors-DwcbDYjC.js:13
wl @ vendors-DwcbDYjC.js:13
Cl @ vendors-DwcbDYjC.js:13
wl @ vendors-DwcbDYjC.js:13
Cl @ vendors-DwcbDYjC.js:13
wl @ vendors-DwcbDYjC.js:13
Cl @ vendors-DwcbDYjC.js:13
wl @ vendors-DwcbDYjC.js:13
Cl @ vendors-DwcbDYjC.js:13
wl @ vendors-DwcbDYjC.js:13
Cl @ vendors-DwcbDYjC.js:13
wl @ vendors-DwcbDYjC.js:13
Cl @ vendors-DwcbDYjC.js:13
wl @ vendors-DwcbDYjC.js:13
Cl @ vendors-DwcbDYjC.js:13
wl @ vendors-DwcbDYjC.js:13
Cl @ vendors-DwcbDYjC.js:13
wl @ vendors-DwcbDYjC.js:13
Cl @ vendors-DwcbDYjC.js:13
wl @ vendors-DwcbDYjC.js:13
Cl @ vendors-DwcbDYjC.js:13
wl @ vendors-DwcbDYjC.js:13
Cl @ vendors-DwcbDYjC.js:13
wl @ vendors-DwcbDYjC.js:13
Cl @ vendors-DwcbDYjC.js:13
postMessage
re @ vendors-DwcbDYjC.js:6
w @ vendors-DwcbDYjC.js:6
postMessage
re @ vendors-DwcbDYjC.js:6
e.unstable_scheduleCallback @ vendors-DwcbDYjC.js:6
ad @ vendors-DwcbDYjC.js:13
id @ vendors-DwcbDYjC.js:13
(anonymous) @ vendors-DwcbDYjC.js:13
shared-B_vq3eAE.js:9 [ContextMover] Capture triggered for perplexity (DOM fallback)
perplexity-C6cLIoV2.js:5 [ContextMover:perplexity] A data-message-role: 0
perplexity-C6cLIoV2.js:5 [ContextMover:perplexity] B class-substr: user=5 asst=1
perplexity-C6cLIoV2.js:5 [ContextMover:perplexity] empty content for role=assistant
scrapeMessages @ perplexity-C6cLIoV2.js:5
runCapturePipeline @ shared-B_vq3eAE.js:9
scrapeMessages @ perplexity-C6cLIoV2.js:5
_0x28dda8 @ shared-B_vq3eAE.js:9
setTimeout
startSessionCapture @ shared-B_vq3eAE.js:9
(anonymous) @ perplexity-C6cLIoV2.js:5
perplexity-C6cLIoV2.js:5 [CM:capture] perplexity {total: 5, user: 5, assistant: 0, preview: Array(5)}
perplexity-C6cLIoV2.js:5 [ContextMover:perplexity] ASSISTANT MESSAGES MISSING
scrapeMessages @ perplexity-C6cLIoV2.js:5
runCapturePipeline @ shared-B_vq3eAE.js:9
scrapeMessages @ perplexity-C6cLIoV2.js:5
_0x28dda8 @ shared-B_vq3eAE.js:9
setTimeout
startSessionCapture @ shared-B_vq3eAE.js:9
(anonymous) @ perplexity-C6cLIoV2.js:5
shared-B_vq3eAE.js:3 [CM:validate] perplexity: {valid: false, errors: Array(1), warnings: Array(2), stats: {…}}
shared-B_vq3eAE.js:3 [CM:validate] perplexity: {valid: false, errors: Array(1), warnings: Array(2), stats: {…}}
shared-B_vq3eAE.js:9 [ContextMover] Skipping capture — 5 user-only messages (awaiting assistant response)
shared-B_vq3eAE.js:9 [ContextMover] Capture triggered for perplexity (DOM fallback)
perplexity-C6cLIoV2.js:5 [ContextMover:perplexity] A data-message-role: 0
perplexity-C6cLIoV2.js:5 [ContextMover:perplexity] B class-substr: user=5 asst=1
perplexity-C6cLIoV2.js:5 [ContextMover:perplexity] empty content for role=assistant
scrapeMessages @ perplexity-C6cLIoV2.js:5
runCapturePipeline @ shared-B_vq3eAE.js:9
scrapeMessages @ perplexity-C6cLIoV2.js:5
_0x28dda8 @ shared-B_vq3eAE.js:9
setTimeout
Zwxhu @ shared-B_vq3eAE.js:9
startSessionCapture @ shared-B_vq3eAE.js:9
(anonymous) @ perplexity-C6cLIoV2.js:5
perplexity-C6cLIoV2.js:5 [CM:capture] perplexity {total: 5, user: 5, assistant: 0, preview: Array(5)}
perplexity-C6cLIoV2.js:5 [ContextMover:perplexity] ASSISTANT MESSAGES MISSING
scrapeMessages @ perplexity-C6cLIoV2.js:5
runCapturePipeline @ shared-B_vq3eAE.js:9
scrapeMessages @ perplexity-C6cLIoV2.js:5
_0x28dda8 @ shared-B_vq3eAE.js:9
setTimeout
Zwxhu @ shared-B_vq3eAE.js:9
startSessionCapture @ shared-B_vq3eAE.js:9
(anonymous) @ perplexity-C6cLIoV2.js:5
shared-B_vq3eAE.js:3 [CM:validate] perplexity: {valid: false, errors: Array(1), warnings: Array(2), stats: {…}}
shared-B_vq3eAE.js:3 [CM:validate] perplexity: {valid: false, errors: Array(1), warnings: Array(2), stats: {…}}
shared-B_vq3eAE.js:9 [ContextMover] Skipping capture — 5 user-only messages (awaiting assistant response)
shared-B_vq3eAE.js:7 [CM:health] perplexity: success=20% assistant=20%
shared-B_vq3eAE.js:7 [CM:health] ALERT: perplexity capture rate dropped to 20% — selectors may be broken
checkHealth @ shared-B_vq3eAE.js:7
record @ shared-B_vq3eAE.js:7
await in record
runCapturePipeline @ shared-B_vq3eAE.js:9
scrapeMessages @ perplexity-C6cLIoV2.js:5
_0x28dda8 @ shared-B_vq3eAE.js:9
LvMRz @ shared-B_vq3eAE.js:9
startSessionCapture @ shared-B_vq3eAE.js:9
(anonymous) @ perplexity-C6cLIoV2.js:5
shared-B_vq3eAE.js:7 [CM:health] perplexity: success=20% assistant=20%
shared-B_vq3eAE.js:7 [CM:health] ALERT: perplexity capture rate dropped to 20% — selectors may be broken
checkHealth @ shared-B_vq3eAE.js:7
record @ shared-B_vq3eAE.js:7
await in record
runCapturePipeline @ shared-B_vq3eAE.js:9
scrapeMessages @ perplexity-C6cLIoV2.js:5
_0x28dda8 @ shared-B_vq3eAE.js:9
Vosgj @ shared-B_vq3eAE.js:9
(anonymous) @ shared-B_vq3eAE.js:9
await in (anonymous)
startSessionCapture @ shared-B_vq3eAE.js:9
(anonymous) @ perplexity-C6cLIoV2.js:5
shared-B_vq3eAE.js:9 [ContextMover] Capture triggered for perplexity (DOM fallback)
perplexity-C6cLIoV2.js:5 [ContextMover:perplexity] A data-message-role: 0
perplexity-C6cLIoV2.js:5 [ContextMover:perplexity] B class-substr: user=5 asst=1
perplexity-C6cLIoV2.js:5 [ContextMover:perplexity] empty content for role=assistant
scrapeMessages @ perplexity-C6cLIoV2.js:5
runCapturePipeline @ shared-B_vq3eAE.js:9
scrapeMessages @ perplexity-C6cLIoV2.js:5
_0x28dda8 @ shared-B_vq3eAE.js:9
(anonymous) @ shared-B_vq3eAE.js:9
setTimeout
Zwxhu @ shared-B_vq3eAE.js:9
(anonymous) @ shared-B_vq3eAE.js:9
await in (anonymous)
startSessionCapture @ shared-B_vq3eAE.js:9
(anonymous) @ perplexity-C6cLIoV2.js:5
perplexity-C6cLIoV2.js:5 [CM:capture] perplexity {total: 5, user: 5, assistant: 0, preview: Array(5)}
perplexity-C6cLIoV2.js:5 [ContextMover:perplexity] ASSISTANT MESSAGES MISSING
scrapeMessages @ perplexity-C6cLIoV2.js:5
runCapturePipeline @ shared-B_vq3eAE.js:9
scrapeMessages @ perplexity-C6cLIoV2.js:5
_0x28dda8 @ shared-B_vq3eAE.js:9
(anonymous) @ shared-B_vq3eAE.js:9
setTimeout
Zwxhu @ shared-B_vq3eAE.js:9
(anonymous) @ shared-B_vq3eAE.js:9
await in (anonymous)
startSessionCapture @ shared-B_vq3eAE.js:9
(anonymous) @ perplexity-C6cLIoV2.js:5
shared-B_vq3eAE.js:3 [CM:validate] perplexity: {valid: false, errors: Array(1), warnings: Array(2), stats: {…}}
shared-B_vq3eAE.js:3 [CM:validate] perplexity: {valid: false, errors: Array(1), warnings: Array(2), stats: {…}}
shared-B_vq3eAE.js:9 [ContextMover] Skipping capture — 5 user-only messages (awaiting assistant response)
shared-B_vq3eAE.js:9 [ContextMover] Capture triggered for perplexity (DOM fallback)
perplexity-C6cLIoV2.js:5 [ContextMover:perplexity] A data-message-role: 0
perplexity-C6cLIoV2.js:5 [ContextMover:perplexity] B class-substr: user=5 asst=1
vendors-DwcbDYjC.js:13 [ContextMover:perplexity] empty content for role=assistant
scrapeMessages @ perplexity-C6cLIoV2.js:5
runCapturePipeline @ shared-B_vq3eAE.js:9
scrapeMessages @ perplexity-C6cLIoV2.js:5
_0x28dda8 @ shared-B_vq3eAE.js:9
setTimeout
_0x16a6a0 @ shared-B_vq3eAE.js:9
childList
cl @ vendors-DwcbDYjC.js:13
sl @ vendors-DwcbDYjC.js:13
cl @ vendors-DwcbDYjC.js:13
pl @ vendors-DwcbDYjC.js:13
hl @ vendors-DwcbDYjC.js:13
pl @ vendors-DwcbDYjC.js:13
hl @ vendors-DwcbDYjC.js:13
pl @ vendors-DwcbDYjC.js:13
hl @ vendors-DwcbDYjC.js:13
pl @ vendors-DwcbDYjC.js:13
hl @ vendors-DwcbDYjC.js:13
pl @ vendors-DwcbDYjC.js:13
hl @ vendors-DwcbDYjC.js:13
pl @ vendors-DwcbDYjC.js:13
hl @ vendors-DwcbDYjC.js:13
pl @ vendors-DwcbDYjC.js:13
hl @ vendors-DwcbDYjC.js:13
pl @ vendors-DwcbDYjC.js:13
hl @ vendors-DwcbDYjC.js:13
pl @ vendors-DwcbDYjC.js:13
hl @ vendors-DwcbDYjC.js:13
pl @ vendors-DwcbDYjC.js:13
hl @ vendors-DwcbDYjC.js:13
pl @ vendors-DwcbDYjC.js:13
hl @ vendors-DwcbDYjC.js:13
pl @ vendors-DwcbDYjC.js:13
hl @ vendors-DwcbDYjC.js:13
pl @ vendors-DwcbDYjC.js:13
hl @ vendors-DwcbDYjC.js:13
pl @ vendors-DwcbDYjC.js:13
hl @ vendors-DwcbDYjC.js:13
pl @ vendors-DwcbDYjC.js:13
hl @ vendors-DwcbDYjC.js:13
pl @ vendors-DwcbDYjC.js:13
hl @ vendors-DwcbDYjC.js:13
pl @ vendors-DwcbDYjC.js:13
hl @ vendors-DwcbDYjC.js:13
pl @ vendors-DwcbDYjC.js:13
hl @ vendors-DwcbDYjC.js:13
pl @ vendors-DwcbDYjC.js:13
hl @ vendors-DwcbDYjC.js:13
pl @ vendors-DwcbDYjC.js:13
hl @ vendors-DwcbDYjC.js:13
pl @ vendors-DwcbDYjC.js:13
hl @ vendors-DwcbDYjC.js:13
pl @ vendors-DwcbDYjC.js:13
hl @ vendors-DwcbDYjC.js:13
pl @ vendors-DwcbDYjC.js:13
hl @ vendors-DwcbDYjC.js:13
pl @ vendors-DwcbDYjC.js:13
hl @ vendors-DwcbDYjC.js:13
pl @ vendors-DwcbDYjC.js:13
hl @ vendors-DwcbDYjC.js:13
pl @ vendors-DwcbDYjC.js:13
hl @ vendors-DwcbDYjC.js:13
pl @ vendors-DwcbDYjC.js:13
hl @ vendors-DwcbDYjC.js:13
pl @ vendors-DwcbDYjC.js:13
hl @ vendors-DwcbDYjC.js:13
pl @ vendors-DwcbDYjC.js:13
hl @ vendors-DwcbDYjC.js:13
pl @ vendors-DwcbDYjC.js:13
hl @ vendors-DwcbDYjC.js:13
pl @ vendors-DwcbDYjC.js:13
hl @ vendors-DwcbDYjC.js:13
pl @ vendors-DwcbDYjC.js:13
hl @ vendors-DwcbDYjC.js:13
pl @ vendors-DwcbDYjC.js:13
hl @ vendors-DwcbDYjC.js:13
pl @ vendors-DwcbDYjC.js:13
hl @ vendors-DwcbDYjC.js:13
pl @ vendors-DwcbDYjC.js:13
hl @ vendors-DwcbDYjC.js:13
pl @ vendors-DwcbDYjC.js:13
hl @ vendors-DwcbDYjC.js:13
pl @ vendors-DwcbDYjC.js:13
hl @ vendors-DwcbDYjC.js:13
pl @ vendors-DwcbDYjC.js:13
hl @ vendors-DwcbDYjC.js:13
pl @ vendors-DwcbDYjC.js:13
hl @ vendors-DwcbDYjC.js:13
pl @ vendors-DwcbDYjC.js:13
hl @ vendors-DwcbDYjC.js:13
pl @ vendors-DwcbDYjC.js:13
hl @ vendors-DwcbDYjC.js:13
pl @ vendors-DwcbDYjC.js:13
hl @ vendors-DwcbDYjC.js:13
pl @ vendors-DwcbDYjC.js:13
hl @ vendors-DwcbDYjC.js:13
pl @ vendors-DwcbDYjC.js:13
hl @ vendors-DwcbDYjC.js:13
pl @ vendors-DwcbDYjC.js:13
hl @ vendors-DwcbDYjC.js:13
pl @ vendors-DwcbDYjC.js:13
hl @ vendors-DwcbDYjC.js:13
pl @ vendors-DwcbDYjC.js:13
hl @ vendors-DwcbDYjC.js:13
pl @ vendors-DwcbDYjC.js:13
hl @ vendors-DwcbDYjC.js:13
pl @ vendors-DwcbDYjC.js:13
hl @ vendors-DwcbDYjC.js:13
pl @ vendors-DwcbDYjC.js:13
hl @ vendors-DwcbDYjC.js:13
pl @ vendors-DwcbDYjC.js:13
hl @ vendors-DwcbDYjC.js:13
pl @ vendors-DwcbDYjC.js:13
hl @ vendors-DwcbDYjC.js:13
pl @ vendors-DwcbDYjC.js:13
hl @ vendors-DwcbDYjC.js:13
pl @ vendors-DwcbDYjC.js:13
hl @ vendors-DwcbDYjC.js:13
pl @ vendors-DwcbDYjC.js:13
hl @ vendors-DwcbDYjC.js:13
pl @ vendors-DwcbDYjC.js:13
hl @ vendors-DwcbDYjC.js:13
pl @ vendors-DwcbDYjC.js:13
hl @ vendors-DwcbDYjC.js:13
pl @ vendors-DwcbDYjC.js:13
hl @ vendors-DwcbDYjC.js:13
pl @ vendors-DwcbDYjC.js:13
hl @ vendors-DwcbDYjC.js:13
pl @ vendors-DwcbDYjC.js:13
hl @ vendors-DwcbDYjC.js:13
pl @ vendors-DwcbDYjC.js:13
hl @ vendors-DwcbDYjC.js:13
pl @ vendors-DwcbDYjC.js:13
hl @ vendors-DwcbDYjC.js:13
pl @ vendors-DwcbDYjC.js:13
hl @ vendors-DwcbDYjC.js:13
pl @ vendors-DwcbDYjC.js:13
hl @ vendors-DwcbDYjC.js:13
pl @ vendors-DwcbDYjC.js:13
hl @ vendors-DwcbDYjC.js:13
pl @ vendors-DwcbDYjC.js:13
hl @ vendors-DwcbDYjC.js:13
pl @ vendors-DwcbDYjC.js:13
hl @ vendors-DwcbDYjC.js:13
pl @ vendors-DwcbDYjC.js:13
hl @ vendors-DwcbDYjC.js:13
pl @ vendors-DwcbDYjC.js:13
hl @ vendors-DwcbDYjC.js:13
pl @ vendors-DwcbDYjC.js:13
hl @ vendors-DwcbDYjC.js:13
pl @ vendors-DwcbDYjC.js:13
hl @ vendors-DwcbDYjC.js:13
pl @ vendors-DwcbDYjC.js:13
hl @ vendors-DwcbDYjC.js:13
pl @ vendors-DwcbDYjC.js:13
hl @ vendors-DwcbDYjC.js:13
pl @ vendors-DwcbDYjC.js:13
hl @ vendors-DwcbDYjC.js:13
pl @ vendors-DwcbDYjC.js:13
hl @ vendors-DwcbDYjC.js:13
pl @ vendors-DwcbDYjC.js:13
hl @ vendors-DwcbDYjC.js:13
pl @ vendors-DwcbDYjC.js:13
hl @ vendors-DwcbDYjC.js:13
pl @ vendors-DwcbDYjC.js:13
hl @ vendors-DwcbDYjC.js:13
pl @ vendors-DwcbDYjC.js:13
hl @ vendors-DwcbDYjC.js:13
pl @ vendors-DwcbDYjC.js:13
hl @ vendors-DwcbDYjC.js:13
pl @ vendors-DwcbDYjC.js:13
hl @ vendors-DwcbDYjC.js:13
pl @ vendors-DwcbDYjC.js:13
hl @ vendors-DwcbDYjC.js:13
pl @ vendors-DwcbDYjC.js:13
hl @ vendors-DwcbDYjC.js:13
pl @ vendors-DwcbDYjC.js:13
hl @ vendors-DwcbDYjC.js:13
pl @ vendors-DwcbDYjC.js:13
hl @ vendors-DwcbDYjC.js:13
pl @ vendors-DwcbDYjC.js:13
hl @ vendors-DwcbDYjC.js:13
pl @ vendors-DwcbDYjC.js:13
hl @ vendors-DwcbDYjC.js:13
pl @ vendors-DwcbDYjC.js:13
hl @ vendors-DwcbDYjC.js:13
pl @ vendors-DwcbDYjC.js:13
hl @ vendors-DwcbDYjC.js:13
pl @ vendors-DwcbDYjC.js:13
hl @ vendors-DwcbDYjC.js:13
pl @ vendors-DwcbDYjC.js:13
hl @ vendors-DwcbDYjC.js:13
pl @ vendors-DwcbDYjC.js:13
hl @ vendors-DwcbDYjC.js:13
pl @ vendors-DwcbDYjC.js:13
hl @ vendors-DwcbDYjC.js:13
pl @ vendors-DwcbDYjC.js:13
hl @ vendors-DwcbDYjC.js:13
pl @ vendors-DwcbDYjC.js:13
hl @ vendors-DwcbDYjC.js:13
pl @ vendors-DwcbDYjC.js:13
hl @ vendors-DwcbDYjC.js:13
pl @ vendors-DwcbDYjC.js:13
hl @ vendors-DwcbDYjC.js:13
pl @ vendors-DwcbDYjC.js:13
hl @ vendors-DwcbDYjC.js:13
pl @ vendors-DwcbDYjC.js:13
Promise.then
(anonymous) @ platform-core-BPOTJzK1.js:6
Rc @ vendors-DwcbDYjC.js:13
wl @ vendors-DwcbDYjC.js:13
Cl @ vendors-DwcbDYjC.js:13
wl @ vendors-DwcbDYjC.js:13
Cl @ vendors-DwcbDYjC.js:13
wl @ vendors-DwcbDYjC.js:13
Cl @ vendors-DwcbDYjC.js:13
wl @ vendors-DwcbDYjC.js:13
Cl @ vendors-DwcbDYjC.js:13
wl @ vendors-DwcbDYjC.js:13
Cl @ vendors-DwcbDYjC.js:13
wl @ vendors-DwcbDYjC.js:13
Cl @ vendors-DwcbDYjC.js:13
wl @ vendors-DwcbDYjC.js:13
Cl @ vendors-DwcbDYjC.js:13
wl @ vendors-DwcbDYjC.js:13
Cl @ vendors-DwcbDYjC.js:13
wl @ vendors-DwcbDYjC.js:13
Cl @ vendors-DwcbDYjC.js:13
wl @ vendors-DwcbDYjC.js:13
Cl @ vendors-DwcbDYjC.js:13
wl @ vendors-DwcbDYjC.js:13
Cl @ vendors-DwcbDYjC.js:13
wl @ vendors-DwcbDYjC.js:13
Cl @ vendors-DwcbDYjC.js:13
wl @ vendors-DwcbDYjC.js:13
Cl @ vendors-DwcbDYjC.js:13
wl @ vendors-DwcbDYjC.js:13
Cl @ vendors-DwcbDYjC.js:13
wl @ vendors-DwcbDYjC.js:13
Cl @ vendors-DwcbDYjC.js:13
wl @ vendors-DwcbDYjC.js:13
Cl @ vendors-DwcbDYjC.js:13
wl @ vendors-DwcbDYjC.js:13
Cl @ vendors-DwcbDYjC.js:13
wl @ vendors-DwcbDYjC.js:13
Cl @ vendors-DwcbDYjC.js:13
wl @ vendors-DwcbDYjC.js:13
Cl @ vendors-DwcbDYjC.js:13
wl @ vendors-DwcbDYjC.js:13
Cl @ vendors-DwcbDYjC.js:13
wl @ vendors-DwcbDYjC.js:13
Cl @ vendors-DwcbDYjC.js:13
wl @ vendors-DwcbDYjC.js:13
Cl @ vendors-DwcbDYjC.js:13
wl @ vendors-DwcbDYjC.js:13
Cl @ vendors-DwcbDYjC.js:13
wl @ vendors-DwcbDYjC.js:13
Cl @ vendors-DwcbDYjC.js:13
wl @ vendors-DwcbDYjC.js:13
Cl @ vendors-DwcbDYjC.js:13
wl @ vendors-DwcbDYjC.js:13
Cl @ vendors-DwcbDYjC.js:13
wl @ vendors-DwcbDYjC.js:13
Cl @ vendors-DwcbDYjC.js:13
wl @ vendors-DwcbDYjC.js:13
Cl @ vendors-DwcbDYjC.js:13
wl @ vendors-DwcbDYjC.js:13
Cl @ vendors-DwcbDYjC.js:13
wl @ vendors-DwcbDYjC.js:13
Cl @ vendors-DwcbDYjC.js:13
wl @ vendors-DwcbDYjC.js:13
Cl @ vendors-DwcbDYjC.js:13
wl @ vendors-DwcbDYjC.js:13
Cl @ vendors-DwcbDYjC.js:13
wl @ vendors-DwcbDYjC.js:13
Cl @ vendors-DwcbDYjC.js:13
wl @ vendors-DwcbDYjC.js:13
Cl @ vendors-DwcbDYjC.js:13
wl @ vendors-DwcbDYjC.js:13
Cl @ vendors-DwcbDYjC.js:13
wl @ vendors-DwcbDYjC.js:13
Cl @ vendors-DwcbDYjC.js:13
wl @ vendors-DwcbDYjC.js:13
Cl @ vendors-DwcbDYjC.js:13
wl @ vendors-DwcbDYjC.js:13
Cl @ vendors-DwcbDYjC.js:13
wl @ vendors-DwcbDYjC.js:13
Cl @ vendors-DwcbDYjC.js:13
wl @ vendors-DwcbDYjC.js:13
Cl @ vendors-DwcbDYjC.js:13
wl @ vendors-DwcbDYjC.js:13
Cl @ vendors-DwcbDYjC.js:13
wl @ vendors-DwcbDYjC.js:13
Cl @ vendors-DwcbDYjC.js:13
wl @ vendors-DwcbDYjC.js:13
Cl @ vendors-DwcbDYjC.js:13
wl @ vendors-DwcbDYjC.js:13
Cl @ vendors-DwcbDYjC.js:13
wl @ vendors-DwcbDYjC.js:13
Cl @ vendors-DwcbDYjC.js:13
wl @ vendors-DwcbDYjC.js:13
Cl @ vendors-DwcbDYjC.js:13
wl @ vendors-DwcbDYjC.js:13
Cl @ vendors-DwcbDYjC.js:13
wl @ vendors-DwcbDYjC.js:13
Cl @ vendors-DwcbDYjC.js:13
wl @ vendors-DwcbDYjC.js:13
Cl @ vendors-DwcbDYjC.js:13
wl @ vendors-DwcbDYjC.js:13
Cl @ vendors-DwcbDYjC.js:13
wl @ vendors-DwcbDYjC.js:13
Cl @ vendors-DwcbDYjC.js:13
wl @ vendors-DwcbDYjC.js:13
Cl @ vendors-DwcbDYjC.js:13
wl @ vendors-DwcbDYjC.js:13
Cl @ vendors-DwcbDYjC.js:13
wl @ vendors-DwcbDYjC.js:13
Cl @ vendors-DwcbDYjC.js:13
wl @ vendors-DwcbDYjC.js:13
Cl @ vendors-DwcbDYjC.js:13
wl @ vendors-DwcbDYjC.js:13
Cl @ vendors-DwcbDYjC.js:13
wl @ vendors-DwcbDYjC.js:13
Cl @ vendors-DwcbDYjC.js:13
wl @ vendors-DwcbDYjC.js:13
Cl @ vendors-DwcbDYjC.js:13
wl @ vendors-DwcbDYjC.js:13
Cl @ vendors-DwcbDYjC.js:13
wl @ vendors-DwcbDYjC.js:13
Cl @ vendors-DwcbDYjC.js:13
wl @ vendors-DwcbDYjC.js:13
Cl @ vendors-DwcbDYjC.js:13
wl @ vendors-DwcbDYjC.js:13
Cl @ vendors-DwcbDYjC.js:13
wl @ vendors-DwcbDYjC.js:13
Cl @ vendors-DwcbDYjC.js:13
wl @ vendors-DwcbDYjC.js:13
Cl @ vendors-DwcbDYjC.js:13
wl @ vendors-DwcbDYjC.js:13
Cl @ vendors-DwcbDYjC.js:13
wl @ vendors-DwcbDYjC.js:13
Cl @ vendors-DwcbDYjC.js:13
wl @ vendors-DwcbDYjC.js:13
Cl @ vendors-DwcbDYjC.js:13
wl @ vendors-DwcbDYjC.js:13
Cl @ vendors-DwcbDYjC.js:13
wl @ vendors-DwcbDYjC.js:13
Cl @ vendors-DwcbDYjC.js:13
wl @ vendors-DwcbDYjC.js:13
Cl @ vendors-DwcbDYjC.js:13
wl @ vendors-DwcbDYjC.js:13
Cl @ vendors-DwcbDYjC.js:13
wl @ vendors-DwcbDYjC.js:13
Cl @ vendors-DwcbDYjC.js:13
wl @ vendors-DwcbDYjC.js:13
Cl @ vendors-DwcbDYjC.js:13
wl @ vendors-DwcbDYjC.js:13
Cl @ vendors-DwcbDYjC.js:13
wl @ vendors-DwcbDYjC.js:13
Cl @ vendors-DwcbDYjC.js:13
wl @ vendors-DwcbDYjC.js:13
Cl @ vendors-DwcbDYjC.js:13
wl @ vendors-DwcbDYjC.js:13
Cl @ vendors-DwcbDYjC.js:13
wl @ vendors-DwcbDYjC.js:13
Cl @ vendors-DwcbDYjC.js:13
wl @ vendors-DwcbDYjC.js:13
Cl @ vendors-DwcbDYjC.js:13
wl @ vendors-DwcbDYjC.js:13
Cl @ vendors-DwcbDYjC.js:13
wl @ vendors-DwcbDYjC.js:13
Cl @ vendors-DwcbDYjC.js:13
wl @ vendors-DwcbDYjC.js:13
Cl @ vendors-DwcbDYjC.js:13
wl @ vendors-DwcbDYjC.js:13
Cl @ vendors-DwcbDYjC.js:13
wl @ vendors-DwcbDYjC.js:13
Cl @ vendors-DwcbDYjC.js:13
wl @ vendors-DwcbDYjC.js:13
Cl @ vendors-DwcbDYjC.js:13
wl @ vendors-DwcbDYjC.js:13
Cl @ vendors-DwcbDYjC.js:13
wl @ vendors-DwcbDYjC.js:13
Cl @ vendors-DwcbDYjC.js:13
wl @ vendors-DwcbDYjC.js:13
Cl @ vendors-DwcbDYjC.js:13
wl @ vendors-DwcbDYjC.js:13
Cl @ vendors-DwcbDYjC.js:13
wl @ vendors-DwcbDYjC.js:13
Cl @ vendors-DwcbDYjC.js:13
wl @ vendors-DwcbDYjC.js:13
Cl @ vendors-DwcbDYjC.js:13
wl @ vendors-DwcbDYjC.js:13
Cl @ vendors-DwcbDYjC.js:13
wl @ vendors-DwcbDYjC.js:13
Cl @ vendors-DwcbDYjC.js:13
wl @ vendors-DwcbDYjC.js:13
Cl @ vendors-DwcbDYjC.js:13
wl @ vendors-DwcbDYjC.js:13
Cl @ vendors-DwcbDYjC.js:13
wl @ vendors-DwcbDYjC.js:13
Cl @ vendors-DwcbDYjC.js:13
wl @ vendors-DwcbDYjC.js:13
Cl @ vendors-DwcbDYjC.js:13
wl @ vendors-DwcbDYjC.js:13
Cl @ vendors-DwcbDYjC.js:13
wl @ vendors-DwcbDYjC.js:13
Cl @ vendors-DwcbDYjC.js:13
postMessage
re @ vendors-DwcbDYjC.js:6
e.unstable_scheduleCallback @ vendors-DwcbDYjC.js:6
Ju @ vendors-DwcbDYjC.js:13
Fu @ vendors-DwcbDYjC.js:13
hu @ vendors-DwcbDYjC.js:13
mu @ vendors-DwcbDYjC.js:13
sd @ vendors-DwcbDYjC.js:13
nd @ vendors-DwcbDYjC.js:13
vu @ vendors-DwcbDYjC.js:13
gf @ vendors-DwcbDYjC.js:14
e.flushSync @ vendors-DwcbDYjC.js:6
(anonymous) @ platform-core-BPOTJzK1.js:6
Promise.then
(anonymous) @ platform-core-BPOTJzK1.js:6
Rc @ vendors-DwcbDYjC.js:13
wl @ vendors-DwcbDYjC.js:13
Cl @ vendors-DwcbDYjC.js:13
wl @ vendors-DwcbDYjC.js:13
Cl @ vendors-DwcbDYjC.js:13
wl @ vendors-DwcbDYjC.js:13
Cl @ vendors-DwcbDYjC.js:13
wl @ vendors-DwcbDYjC.js:13
Cl @ vendors-DwcbDYjC.js:13
wl @ vendors-DwcbDYjC.js:13
Cl @ vendors-DwcbDYjC.js:13
wl @ vendors-DwcbDYjC.js:13
Cl @ vendors-DwcbDYjC.js:13
wl @ vendors-DwcbDYjC.js:13
Cl @ vendors-DwcbDYjC.js:13
wl @ vendors-DwcbDYjC.js:13
Cl @ vendors-DwcbDYjC.js:13
wl @ vendors-DwcbDYjC.js:13
Cl @ vendors-DwcbDYjC.js:13
wl @ vendors-DwcbDYjC.js:13
Cl @ vendors-DwcbDYjC.js:13
wl @ vendors-DwcbDYjC.js:13
Cl @ vendors-DwcbDYjC.js:13
wl @ vendors-DwcbDYjC.js:13
Cl @ vendors-DwcbDYjC.js:13
wl @ vendors-DwcbDYjC.js:13
Cl @ vendors-DwcbDYjC.js:13
wl @ vendors-DwcbDYjC.js:13
Cl @ vendors-DwcbDYjC.js:13
wl @ vendors-DwcbDYjC.js:13
Cl @ vendors-DwcbDYjC.js:13
wl @ vendors-DwcbDYjC.js:13
Cl @ vendors-DwcbDYjC.js:13
wl @ vendors-DwcbDYjC.js:13
Cl @ vendors-DwcbDYjC.js:13
wl @ vendors-DwcbDYjC.js:13
Cl @ vendors-DwcbDYjC.js:13
wl @ vendors-DwcbDYjC.js:13
Cl @ vendors-DwcbDYjC.js:13
wl @ vendors-DwcbDYjC.js:13
Cl @ vendors-DwcbDYjC.js:13
wl @ vendors-DwcbDYjC.js:13
Cl @ vendors-DwcbDYjC.js:13
wl @ vendors-DwcbDYjC.js:13
Cl @ vendors-DwcbDYjC.js:13
wl @ vendors-DwcbDYjC.js:13
Cl @ vendors-DwcbDYjC.js:13
wl @ vendors-DwcbDYjC.js:13
Cl @ vendors-DwcbDYjC.js:13
wl @ vendors-DwcbDYjC.js:13
Cl @ vendors-DwcbDYjC.js:13
wl @ vendors-DwcbDYjC.js:13
Cl @ vendors-DwcbDYjC.js:13
wl @ vendors-DwcbDYjC.js:13
Cl @ vendors-DwcbDYjC.js:13
wl @ vendors-DwcbDYjC.js:13
Cl @ vendors-DwcbDYjC.js:13
wl @ vendors-DwcbDYjC.js:13
Cl @ vendors-DwcbDYjC.js:13
wl @ vendors-DwcbDYjC.js:13
Cl @ vendors-DwcbDYjC.js:13
wl @ vendors-DwcbDYjC.js:13
Cl @ vendors-DwcbDYjC.js:13
wl @ vendors-DwcbDYjC.js:13
Cl @ vendors-DwcbDYjC.js:13
wl @ vendors-DwcbDYjC.js:13
Cl @ vendors-DwcbDYjC.js:13
wl @ vendors-DwcbDYjC.js:13
Cl @ vendors-DwcbDYjC.js:13
wl @ vendors-DwcbDYjC.js:13
Cl @ vendors-DwcbDYjC.js:13
wl @ vendors-DwcbDYjC.js:13
Cl @ vendors-DwcbDYjC.js:13
wl @ vendors-DwcbDYjC.js:13
Cl @ vendors-DwcbDYjC.js:13
wl @ vendors-DwcbDYjC.js:13
Cl @ vendors-DwcbDYjC.js:13
wl @ vendors-DwcbDYjC.js:13
Cl @ vendors-DwcbDYjC.js:13
wl @ vendors-DwcbDYjC.js:13
Cl @ vendors-DwcbDYjC.js:13
wl @ vendors-DwcbDYjC.js:13
Cl @ vendors-DwcbDYjC.js:13
wl @ vendors-DwcbDYjC.js:13
Cl @ vendors-DwcbDYjC.js:13
wl @ vendors-DwcbDYjC.js:13
Cl @ vendors-DwcbDYjC.js:13
wl @ vendors-DwcbDYjC.js:13
Cl @ vendors-DwcbDYjC.js:13
wl @ vendors-DwcbDYjC.js:13
Cl @ vendors-DwcbDYjC.js:13
wl @ vendors-DwcbDYjC.js:13
Cl @ vendors-DwcbDYjC.js:13
wl @ vendors-DwcbDYjC.js:13
Cl @ vendors-DwcbDYjC.js:13
wl @ vendors-DwcbDYjC.js:13
Cl @ vendors-DwcbDYjC.js:13
wl @ vendors-DwcbDYjC.js:13
Cl @ vendors-DwcbDYjC.js:13
wl @ vendors-DwcbDYjC.js:13
Cl @ vendors-DwcbDYjC.js:13
wl @ vendors-DwcbDYjC.js:13
Cl @ vendors-DwcbDYjC.js:13
wl @ vendors-DwcbDYjC.js:13
Cl @ vendors-DwcbDYjC.js:13
wl @ vendors-DwcbDYjC.js:13
Cl @ vendors-DwcbDYjC.js:13
wl @ vendors-DwcbDYjC.js:13
Cl @ vendors-DwcbDYjC.js:13
wl @ vendors-DwcbDYjC.js:13
Cl @ vendors-DwcbDYjC.js:13
wl @ vendors-DwcbDYjC.js:13
Cl @ vendors-DwcbDYjC.js:13
wl @ vendors-DwcbDYjC.js:13
Cl @ vendors-DwcbDYjC.js:13
wl @ vendors-DwcbDYjC.js:13
Cl @ vendors-DwcbDYjC.js:13
wl @ vendors-DwcbDYjC.js:13
Cl @ vendors-DwcbDYjC.js:13
wl @ vendors-DwcbDYjC.js:13
Cl @ vendors-DwcbDYjC.js:13
wl @ vendors-DwcbDYjC.js:13
Cl @ vendors-DwcbDYjC.js:13
wl @ vendors-DwcbDYjC.js:13
Cl @ vendors-DwcbDYjC.js:13
wl @ vendors-DwcbDYjC.js:13
Cl @ vendors-DwcbDYjC.js:13
wl @ vendors-DwcbDYjC.js:13
Cl @ vendors-DwcbDYjC.js:13
wl @ vendors-DwcbDYjC.js:13
Cl @ vendors-DwcbDYjC.js:13
wl @ vendors-DwcbDYjC.js:13
Cl @ vendors-DwcbDYjC.js:13
wl @ vendors-DwcbDYjC.js:13
Cl @ vendors-DwcbDYjC.js:13
wl @ vendors-DwcbDYjC.js:13
Cl @ vendors-DwcbDYjC.js:13
wl @ vendors-DwcbDYjC.js:13
Cl @ vendors-DwcbDYjC.js:13
wl @ vendors-DwcbDYjC.js:13
Cl @ vendors-DwcbDYjC.js:13
wl @ vendors-DwcbDYjC.js:13
Cl @ vendors-DwcbDYjC.js:13
wl @ vendors-DwcbDYjC.js:13
Cl @ vendors-DwcbDYjC.js:13
wl @ vendors-DwcbDYjC.js:13
Cl @ vendors-DwcbDYjC.js:13
wl @ vendors-DwcbDYjC.js:13
Cl @ vendors-DwcbDYjC.js:13
wl @ vendors-DwcbDYjC.js:13
Cl @ vendors-DwcbDYjC.js:13
wl @ vendors-DwcbDYjC.js:13
Cl @ vendors-DwcbDYjC.js:13
wl @ vendors-DwcbDYjC.js:13
Cl @ vendors-DwcbDYjC.js:13
wl @ vendors-DwcbDYjC.js:13
Cl @ vendors-DwcbDYjC.js:13
wl @ vendors-DwcbDYjC.js:13
Cl @ vendors-DwcbDYjC.js:13
wl @ vendors-DwcbDYjC.js:13
Cl @ vendors-DwcbDYjC.js:13
wl @ vendors-DwcbDYjC.js:13
Cl @ vendors-DwcbDYjC.js:13
wl @ vendors-DwcbDYjC.js:13
Cl @ vendors-DwcbDYjC.js:13
wl @ vendors-DwcbDYjC.js:13
Cl @ vendors-DwcbDYjC.js:13
wl @ vendors-DwcbDYjC.js:13
Cl @ vendors-DwcbDYjC.js:13
wl @ vendors-DwcbDYjC.js:13
Cl @ vendors-DwcbDYjC.js:13
wl @ vendors-DwcbDYjC.js:13
Cl @ vendors-DwcbDYjC.js:13
wl @ vendors-DwcbDYjC.js:13
Cl @ vendors-DwcbDYjC.js:13
wl @ vendors-DwcbDYjC.js:13
Cl @ vendors-DwcbDYjC.js:13
wl @ vendors-DwcbDYjC.js:13
Cl @ vendors-DwcbDYjC.js:13
wl @ vendors-DwcbDYjC.js:13
Cl @ vendors-DwcbDYjC.js:13
wl @ vendors-DwcbDYjC.js:13
Cl @ vendors-DwcbDYjC.js:13
wl @ vendors-DwcbDYjC.js:13
Cl @ vendors-DwcbDYjC.js:13
wl @ vendors-DwcbDYjC.js:13
Cl @ vendors-DwcbDYjC.js:13
wl @ vendors-DwcbDYjC.js:13
Cl @ vendors-DwcbDYjC.js:13
wl @ vendors-DwcbDYjC.js:13
Cl @ vendors-DwcbDYjC.js:13
wl @ vendors-DwcbDYjC.js:13
Cl @ vendors-DwcbDYjC.js:13
wl @ vendors-DwcbDYjC.js:13
Cl @ vendors-DwcbDYjC.js:13
wl @ vendors-DwcbDYjC.js:13
Cl @ vendors-DwcbDYjC.js:13
wl @ vendors-DwcbDYjC.js:13
Cl @ vendors-DwcbDYjC.js:13
postMessage
re @ vendors-DwcbDYjC.js:6
w @ vendors-DwcbDYjC.js:6
postMessage
re @ vendors-DwcbDYjC.js:6
e.unstable_scheduleCallback @ vendors-DwcbDYjC.js:6
ad @ vendors-DwcbDYjC.js:13
id @ vendors-DwcbDYjC.js:13
(anonymous) @ vendors-DwcbDYjC.js:13
perplexity-C6cLIoV2.js:5 [CM:capture] perplexity {total: 5, user: 5, assistant: 0, preview: Array(5)}
vendors-DwcbDYjC.js:13 [ContextMover:perplexity] ASSISTANT MESSAGES MISSING
scrapeMessages @ perplexity-C6cLIoV2.js:5
runCapturePipeline @ shared-B_vq3eAE.js:9
scrapeMessages @ perplexity-C6cLIoV2.js:5
_0x28dda8 @ shared-B_vq3eAE.js:9
setTimeout
_0x16a6a0 @ shared-B_vq3eAE.js:9
childList
cl @ vendors-DwcbDYjC.js:13
sl @ vendors-DwcbDYjC.js:13
cl @ vendors-DwcbDYjC.js:13
pl @ vendors-DwcbDYjC.js:13
hl @ vendors-DwcbDYjC.js:13
pl @ vendors-DwcbDYjC.js:13
hl @ vendors-DwcbDYjC.js:13
pl @ vendors-DwcbDYjC.js:13
hl @ vendors-DwcbDYjC.js:13
pl @ vendors-DwcbDYjC.js:13
hl @ vendors-DwcbDYjC.js:13
pl @ vendors-DwcbDYjC.js:13
hl @ vendors-DwcbDYjC.js:13
pl @ vendors-DwcbDYjC.js:13
hl @ vendors-DwcbDYjC.js:13
pl @ vendors-DwcbDYjC.js:13
hl @ vendors-DwcbDYjC.js:13
pl @ vendors-DwcbDYjC.js:13
hl @ vendors-DwcbDYjC.js:13
pl @ vendors-DwcbDYjC.js:13
hl @ vendors-DwcbDYjC.js:13
pl @ vendors-DwcbDYjC.js:13
hl @ vendors-DwcbDYjC.js:13
pl @ vendors-DwcbDYjC.js:13
hl @ vendors-DwcbDYjC.js:13
pl @ vendors-DwcbDYjC.js:13
hl @ vendors-DwcbDYjC.js:13
pl @ vendors-DwcbDYjC.js:13
hl @ vendors-DwcbDYjC.js:13
pl @ vendors-DwcbDYjC.js:13
hl @ vendors-DwcbDYjC.js:13
pl @ vendors-DwcbDYjC.js:13
hl @ vendors-DwcbDYjC.js:13
pl @ vendors-DwcbDYjC.js:13
hl @ vendors-DwcbDYjC.js:13
pl @ vendors-DwcbDYjC.js:13
hl @ vendors-DwcbDYjC.js:13
pl @ vendors-DwcbDYjC.js:13
hl @ vendors-DwcbDYjC.js:13
pl @ vendors-DwcbDYjC.js:13
hl @ vendors-DwcbDYjC.js:13
pl @ vendors-DwcbDYjC.js:13
hl @ vendors-DwcbDYjC.js:13
pl @ vendors-DwcbDYjC.js:13
hl @ vendors-DwcbDYjC.js:13
pl @ vendors-DwcbDYjC.js:13
hl @ vendors-DwcbDYjC.js:13
pl @ vendors-DwcbDYjC.js:13
hl @ vendors-DwcbDYjC.js:13
pl @ vendors-DwcbDYjC.js:13
hl @ vendors-DwcbDYjC.js:13
pl @ vendors-DwcbDYjC.js:13
hl @ vendors-DwcbDYjC.js:13
pl @ vendors-DwcbDYjC.js:13
hl @ vendors-DwcbDYjC.js:13
pl @ vendors-DwcbDYjC.js:13
hl @ vendors-DwcbDYjC.js:13
pl @ vendors-DwcbDYjC.js:13
hl @ vendors-DwcbDYjC.js:13
pl @ vendors-DwcbDYjC.js:13
hl @ vendors-DwcbDYjC.js:13
pl @ vendors-DwcbDYjC.js:13
hl @ vendors-DwcbDYjC.js:13
pl @ vendors-DwcbDYjC.js:13
hl @ vendors-DwcbDYjC.js:13
pl @ vendors-DwcbDYjC.js:13
hl @ vendors-DwcbDYjC.js:13
pl @ vendors-DwcbDYjC.js:13
hl @ vendors-DwcbDYjC.js:13
pl @ vendors-DwcbDYjC.js:13
hl @ vendors-DwcbDYjC.js:13
pl @ vendors-DwcbDYjC.js:13
hl @ vendors-DwcbDYjC.js:13
pl @ vendors-DwcbDYjC.js:13
hl @ vendors-DwcbDYjC.js:13
pl @ vendors-DwcbDYjC.js:13
hl @ vendors-DwcbDYjC.js:13
pl @ vendors-DwcbDYjC.js:13
hl @ vendors-DwcbDYjC.js:13
pl @ vendors-DwcbDYjC.js:13
hl @ vendors-DwcbDYjC.js:13
pl @ vendors-DwcbDYjC.js:13
hl @ vendors-DwcbDYjC.js:13
pl @ vendors-DwcbDYjC.js:13
hl @ vendors-DwcbDYjC.js:13
pl @ vendors-DwcbDYjC.js:13
hl @ vendors-DwcbDYjC.js:13
pl @ vendors-DwcbDYjC.js:13
hl @ vendors-DwcbDYjC.js:13
pl @ vendors-DwcbDYjC.js:13
hl @ vendors-DwcbDYjC.js:13
pl @ vendors-DwcbDYjC.js:13
hl @ vendors-DwcbDYjC.js:13
pl @ vendors-DwcbDYjC.js:13
hl @ vendors-DwcbDYjC.js:13
pl @ vendors-DwcbDYjC.js:13
hl @ vendors-DwcbDYjC.js:13
pl @ vendors-DwcbDYjC.js:13
hl @ vendors-DwcbDYjC.js:13
pl @ vendors-DwcbDYjC.js:13
hl @ vendors-DwcbDYjC.js:13
pl @ vendors-DwcbDYjC.js:13
hl @ vendors-DwcbDYjC.js:13
pl @ vendors-DwcbDYjC.js:13
hl @ vendors-DwcbDYjC.js:13
pl @ vendors-DwcbDYjC.js:13
hl @ vendors-DwcbDYjC.js:13
pl @ vendors-DwcbDYjC.js:13
hl @ vendors-DwcbDYjC.js:13
pl @ vendors-DwcbDYjC.js:13
hl @ vendors-DwcbDYjC.js:13
pl @ vendors-DwcbDYjC.js:13
hl @ vendors-DwcbDYjC.js:13
pl @ vendors-DwcbDYjC.js:13
hl @ vendors-DwcbDYjC.js:13
pl @ vendors-DwcbDYjC.js:13
hl @ vendors-DwcbDYjC.js:13
pl @ vendors-DwcbDYjC.js:13
hl @ vendors-DwcbDYjC.js:13
pl @ vendors-DwcbDYjC.js:13
hl @ vendors-DwcbDYjC.js:13
pl @ vendors-DwcbDYjC.js:13
hl @ vendors-DwcbDYjC.js:13
pl @ vendors-DwcbDYjC.js:13
hl @ vendors-DwcbDYjC.js:13
pl @ vendors-DwcbDYjC.js:13
hl @ vendors-DwcbDYjC.js:13
pl @ vendors-DwcbDYjC.js:13
hl @ vendors-DwcbDYjC.js:13
pl @ vendors-DwcbDYjC.js:13
hl @ vendors-DwcbDYjC.js:13
pl @ vendors-DwcbDYjC.js:13
hl @ vendors-DwcbDYjC.js:13
pl @ vendors-DwcbDYjC.js:13
hl @ vendors-DwcbDYjC.js:13
pl @ vendors-DwcbDYjC.js:13
hl @ vendors-DwcbDYjC.js:13
pl @ vendors-DwcbDYjC.js:13
hl @ vendors-DwcbDYjC.js:13
pl @ vendors-DwcbDYjC.js:13
hl @ vendors-DwcbDYjC.js:13
pl @ vendors-DwcbDYjC.js:13
hl @ vendors-DwcbDYjC.js:13
pl @ vendors-DwcbDYjC.js:13
hl @ vendors-DwcbDYjC.js:13
pl @ vendors-DwcbDYjC.js:13
hl @ vendors-DwcbDYjC.js:13
pl @ vendors-DwcbDYjC.js:13
hl @ vendors-DwcbDYjC.js:13
pl @ vendors-DwcbDYjC.js:13
hl @ vendors-DwcbDYjC.js:13
pl @ vendors-DwcbDYjC.js:13
hl @ vendors-DwcbDYjC.js:13
pl @ vendors-DwcbDYjC.js:13
hl @ vendors-DwcbDYjC.js:13
pl @ vendors-DwcbDYjC.js:13
hl @ vendors-DwcbDYjC.js:13
pl @ vendors-DwcbDYjC.js:13
hl @ vendors-DwcbDYjC.js:13
pl @ vendors-DwcbDYjC.js:13
hl @ vendors-DwcbDYjC.js:13
pl @ vendors-DwcbDYjC.js:13
hl @ vendors-DwcbDYjC.js:13
pl @ vendors-DwcbDYjC.js:13
hl @ vendors-DwcbDYjC.js:13
pl @ vendors-DwcbDYjC.js:13
hl @ vendors-DwcbDYjC.js:13
pl @ vendors-DwcbDYjC.js:13
hl @ vendors-DwcbDYjC.js:13
pl @ vendors-DwcbDYjC.js:13
hl @ vendors-DwcbDYjC.js:13
pl @ vendors-DwcbDYjC.js:13
hl @ vendors-DwcbDYjC.js:13
pl @ vendors-DwcbDYjC.js:13
hl @ vendors-DwcbDYjC.js:13
pl @ vendors-DwcbDYjC.js:13
hl @ vendors-DwcbDYjC.js:13
pl @ vendors-DwcbDYjC.js:13
hl @ vendors-DwcbDYjC.js:13
pl @ vendors-DwcbDYjC.js:13
hl @ vendors-DwcbDYjC.js:13
pl @ vendors-DwcbDYjC.js:13
hl @ vendors-DwcbDYjC.js:13
pl @ vendors-DwcbDYjC.js:13
hl @ vendors-DwcbDYjC.js:13
pl @ vendors-DwcbDYjC.js:13
hl @ vendors-DwcbDYjC.js:13
pl @ vendors-DwcbDYjC.js:13
hl @ vendors-DwcbDYjC.js:13
pl @ vendors-DwcbDYjC.js:13
hl @ vendors-DwcbDYjC.js:13
pl @ vendors-DwcbDYjC.js:13
hl @ vendors-DwcbDYjC.js:13
pl @ vendors-DwcbDYjC.js:13
hl @ vendors-DwcbDYjC.js:13
pl @ vendors-DwcbDYjC.js:13
hl @ vendors-DwcbDYjC.js:13
pl @ vendors-DwcbDYjC.js:13
hl @ vendors-DwcbDYjC.js:13
pl @ vendors-DwcbDYjC.js:13
Promise.then
(anonymous) @ platform-core-BPOTJzK1.js:6
Rc @ vendors-DwcbDYjC.js:13
wl @ vendors-DwcbDYjC.js:13
Cl @ vendors-DwcbDYjC.js:13
wl @ vendors-DwcbDYjC.js:13
Cl @ vendors-DwcbDYjC.js:13
wl @ vendors-DwcbDYjC.js:13
Cl @ vendors-DwcbDYjC.js:13
wl @ vendors-DwcbDYjC.js:13
Cl @ vendors-DwcbDYjC.js:13
wl @ vendors-DwcbDYjC.js:13
Cl @ vendors-DwcbDYjC.js:13
wl @ vendors-DwcbDYjC.js:13
Cl @ vendors-DwcbDYjC.js:13
wl @ vendors-DwcbDYjC.js:13
Cl @ vendors-DwcbDYjC.js:13
wl @ vendors-DwcbDYjC.js:13
Cl @ vendors-DwcbDYjC.js:13
wl @ vendors-DwcbDYjC.js:13
Cl @ vendors-DwcbDYjC.js:13
wl @ vendors-DwcbDYjC.js:13
Cl @ vendors-DwcbDYjC.js:13
wl @ vendors-DwcbDYjC.js:13
Cl @ vendors-DwcbDYjC.js:13
wl @ vendors-DwcbDYjC.js:13
Cl @ vendors-DwcbDYjC.js:13
wl @ vendors-DwcbDYjC.js:13
Cl @ vendors-DwcbDYjC.js:13
wl @ vendors-DwcbDYjC.js:13
Cl @ vendors-DwcbDYjC.js:13
wl @ vendors-DwcbDYjC.js:13
Cl @ vendors-DwcbDYjC.js:13
wl @ vendors-DwcbDYjC.js:13
Cl @ vendors-DwcbDYjC.js:13
wl @ vendors-DwcbDYjC.js:13
Cl @ vendors-DwcbDYjC.js:13
wl @ vendors-DwcbDYjC.js:13
Cl @ vendors-DwcbDYjC.js:13
wl @ vendors-DwcbDYjC.js:13
Cl @ vendors-DwcbDYjC.js:13
wl @ vendors-DwcbDYjC.js:13
Cl @ vendors-DwcbDYjC.js:13
wl @ vendors-DwcbDYjC.js:13
Cl @ vendors-DwcbDYjC.js:13
wl @ vendors-DwcbDYjC.js:13
Cl @ vendors-DwcbDYjC.js:13
wl @ vendors-DwcbDYjC.js:13
Cl @ vendors-DwcbDYjC.js:13
wl @ vendors-DwcbDYjC.js:13
Cl @ vendors-DwcbDYjC.js:13
wl @ vendors-DwcbDYjC.js:13
Cl @ vendors-DwcbDYjC.js:13
wl @ vendors-DwcbDYjC.js:13
Cl @ vendors-DwcbDYjC.js:13
wl @ vendors-DwcbDYjC.js:13
Cl @ vendors-DwcbDYjC.js:13
wl @ vendors-DwcbDYjC.js:13
Cl @ vendors-DwcbDYjC.js:13
wl @ vendors-DwcbDYjC.js:13
Cl @ vendors-DwcbDYjC.js:13
wl @ vendors-DwcbDYjC.js:13
Cl @ vendors-DwcbDYjC.js:13
wl @ vendors-DwcbDYjC.js:13
Cl @ vendors-DwcbDYjC.js:13
wl @ vendors-DwcbDYjC.js:13
Cl @ vendors-DwcbDYjC.js:13
wl @ vendors-DwcbDYjC.js:13
Cl @ vendors-DwcbDYjC.js:13
wl @ vendors-DwcbDYjC.js:13
Cl @ vendors-DwcbDYjC.js:13
wl @ vendors-DwcbDYjC.js:13
Cl @ vendors-DwcbDYjC.js:13
wl @ vendors-DwcbDYjC.js:13
Cl @ vendors-DwcbDYjC.js:13
wl @ vendors-DwcbDYjC.js:13
Cl @ vendors-DwcbDYjC.js:13
wl @ vendors-DwcbDYjC.js:13
Cl @ vendors-DwcbDYjC.js:13
wl @ vendors-DwcbDYjC.js:13
Cl @ vendors-DwcbDYjC.js:13
wl @ vendors-DwcbDYjC.js:13
Cl @ vendors-DwcbDYjC.js:13
wl @ vendors-DwcbDYjC.js:13
Cl @ vendors-DwcbDYjC.js:13
wl @ vendors-DwcbDYjC.js:13
Cl @ vendors-DwcbDYjC.js:13
wl @ vendors-DwcbDYjC.js:13
Cl @ vendors-DwcbDYjC.js:13
wl @ vendors-DwcbDYjC.js:13
Cl @ vendors-DwcbDYjC.js:13
wl @ vendors-DwcbDYjC.js:13
Cl @ vendors-DwcbDYjC.js:13
wl @ vendors-DwcbDYjC.js:13
Cl @ vendors-DwcbDYjC.js:13
wl @ vendors-DwcbDYjC.js:13
Cl @ vendors-DwcbDYjC.js:13
wl @ vendors-DwcbDYjC.js:13
Cl @ vendors-DwcbDYjC.js:13
wl @ vendors-DwcbDYjC.js:13
Cl @ vendors-DwcbDYjC.js:13
wl @ vendors-DwcbDYjC.js:13
Cl @ vendors-DwcbDYjC.js:13
wl @ vendors-DwcbDYjC.js:13
Cl @ vendors-DwcbDYjC.js:13
wl @ vendors-DwcbDYjC.js:13
Cl @ vendors-DwcbDYjC.js:13
wl @ vendors-DwcbDYjC.js:13
Cl @ vendors-DwcbDYjC.js:13
wl @ vendors-DwcbDYjC.js:13
Cl @ vendors-DwcbDYjC.js:13
wl @ vendors-DwcbDYjC.js:13
Cl @ vendors-DwcbDYjC.js:13
wl @ vendors-DwcbDYjC.js:13
Cl @ vendors-DwcbDYjC.js:13
wl @ vendors-DwcbDYjC.js:13
Cl @ vendors-DwcbDYjC.js:13
wl @ vendors-DwcbDYjC.js:13
Cl @ vendors-DwcbDYjC.js:13
wl @ vendors-DwcbDYjC.js:13
Cl @ vendors-DwcbDYjC.js:13
wl @ vendors-DwcbDYjC.js:13
Cl @ vendors-DwcbDYjC.js:13
wl @ vendors-DwcbDYjC.js:13
Cl @ vendors-DwcbDYjC.js:13
wl @ vendors-DwcbDYjC.js:13
Cl @ vendors-DwcbDYjC.js:13
wl @ vendors-DwcbDYjC.js:13
Cl @ vendors-DwcbDYjC.js:13
wl @ vendors-DwcbDYjC.js:13
Cl @ vendors-DwcbDYjC.js:13
wl @ vendors-DwcbDYjC.js:13
Cl @ vendors-DwcbDYjC.js:13
wl @ vendors-DwcbDYjC.js:13
Cl @ vendors-DwcbDYjC.js:13
wl @ vendors-DwcbDYjC.js:13
Cl @ vendors-DwcbDYjC.js:13
wl @ vendors-DwcbDYjC.js:13
Cl @ vendors-DwcbDYjC.js:13
wl @ vendors-DwcbDYjC.js:13
Cl @ vendors-DwcbDYjC.js:13
wl @ vendors-DwcbDYjC.js:13
Cl @ vendors-DwcbDYjC.js:13
wl @ vendors-DwcbDYjC.js:13
Cl @ vendors-DwcbDYjC.js:13
wl @ vendors-DwcbDYjC.js:13
Cl @ vendors-DwcbDYjC.js:13
wl @ vendors-DwcbDYjC.js:13
Cl @ vendors-DwcbDYjC.js:13
wl @ vendors-DwcbDYjC.js:13
Cl @ vendors-DwcbDYjC.js:13
wl @ vendors-DwcbDYjC.js:13
Cl @ vendors-DwcbDYjC.js:13
wl @ vendors-DwcbDYjC.js:13
Cl @ vendors-DwcbDYjC.js:13
wl @ vendors-DwcbDYjC.js:13
Cl @ vendors-DwcbDYjC.js:13
wl @ vendors-DwcbDYjC.js:13
Cl @ vendors-DwcbDYjC.js:13
wl @ vendors-DwcbDYjC.js:13
Cl @ vendors-DwcbDYjC.js:13
wl @ vendors-DwcbDYjC.js:13
Cl @ vendors-DwcbDYjC.js:13
wl @ vendors-DwcbDYjC.js:13
Cl @ vendors-DwcbDYjC.js:13
wl @ vendors-DwcbDYjC.js:13
Cl @ vendors-DwcbDYjC.js:13
wl @ vendors-DwcbDYjC.js:13
Cl @ vendors-DwcbDYjC.js:13
wl @ vendors-DwcbDYjC.js:13
Cl @ vendors-DwcbDYjC.js:13
wl @ vendors-DwcbDYjC.js:13
Cl @ vendors-DwcbDYjC.js:13
wl @ vendors-DwcbDYjC.js:13
Cl @ vendors-DwcbDYjC.js:13
wl @ vendors-DwcbDYjC.js:13
Cl @ vendors-DwcbDYjC.js:13
wl @ vendors-DwcbDYjC.js:13
Cl @ vendors-DwcbDYjC.js:13
wl @ vendors-DwcbDYjC.js:13
Cl @ vendors-DwcbDYjC.js:13
wl @ vendors-DwcbDYjC.js:13
Cl @ vendors-DwcbDYjC.js:13
wl @ vendors-DwcbDYjC.js:13
Cl @ vendors-DwcbDYjC.js:13
wl @ vendors-DwcbDYjC.js:13
Cl @ vendors-DwcbDYjC.js:13
wl @ vendors-DwcbDYjC.js:13
Cl @ vendors-DwcbDYjC.js:13
wl @ vendors-DwcbDYjC.js:13
Cl @ vendors-DwcbDYjC.js:13
wl @ vendors-DwcbDYjC.js:13
Cl @ vendors-DwcbDYjC.js:13
wl @ vendors-DwcbDYjC.js:13
Cl @ vendors-DwcbDYjC.js:13
wl @ vendors-DwcbDYjC.js:13
Cl @ vendors-DwcbDYjC.js:13
wl @ vendors-DwcbDYjC.js:13
Cl @ vendors-DwcbDYjC.js:13
wl @ vendors-DwcbDYjC.js:13
Cl @ vendors-DwcbDYjC.js:13
postMessage
re @ vendors-DwcbDYjC.js:6
e.unstable_scheduleCallback @ vendors-DwcbDYjC.js:6
Ju @ vendors-DwcbDYjC.js:13
Fu @ vendors-DwcbDYjC.js:13
hu @ vendors-DwcbDYjC.js:13
mu @ vendors-DwcbDYjC.js:13
sd @ vendors-DwcbDYjC.js:13
nd @ vendors-DwcbDYjC.js:13
vu @ vendors-DwcbDYjC.js:13
gf @ vendors-DwcbDYjC.js:14
e.flushSync @ vendors-DwcbDYjC.js:6
(anonymous) @ platform-core-BPOTJzK1.js:6
Promise.then
(anonymous) @ platform-core-BPOTJzK1.js:6
Rc @ vendors-DwcbDYjC.js:13
wl @ vendors-DwcbDYjC.js:13
Cl @ vendors-DwcbDYjC.js:13
wl @ vendors-DwcbDYjC.js:13
Cl @ vendors-DwcbDYjC.js:13
wl @ vendors-DwcbDYjC.js:13
Cl @ vendors-DwcbDYjC.js:13
wl @ vendors-DwcbDYjC.js:13
Cl @ vendors-DwcbDYjC.js:13
wl @ vendors-DwcbDYjC.js:13
Cl @ vendors-DwcbDYjC.js:13
wl @ vendors-DwcbDYjC.js:13
Cl @ vendors-DwcbDYjC.js:13
wl @ vendors-DwcbDYjC.js:13
Cl @ vendors-DwcbDYjC.js:13
wl @ vendors-DwcbDYjC.js:13
Cl @ vendors-DwcbDYjC.js:13
wl @ vendors-DwcbDYjC.js:13
Cl @ vendors-DwcbDYjC.js:13
wl @ vendors-DwcbDYjC.js:13
Cl @ vendors-DwcbDYjC.js:13
wl @ vendors-DwcbDYjC.js:13
Cl @ vendors-DwcbDYjC.js:13
wl @ vendors-DwcbDYjC.js:13
Cl @ vendors-DwcbDYjC.js:13
wl @ vendors-DwcbDYjC.js:13
Cl @ vendors-DwcbDYjC.js:13
wl @ vendors-DwcbDYjC.js:13
Cl @ vendors-DwcbDYjC.js:13
wl @ vendors-DwcbDYjC.js:13
Cl @ vendors-DwcbDYjC.js:13
wl @ vendors-DwcbDYjC.js:13
Cl @ vendors-DwcbDYjC.js:13
wl @ vendors-DwcbDYjC.js:13
Cl @ vendors-DwcbDYjC.js:13
wl @ vendors-DwcbDYjC.js:13
Cl @ vendors-DwcbDYjC.js:13
wl @ vendors-DwcbDYjC.js:13
Cl @ vendors-DwcbDYjC.js:13
wl @ vendors-DwcbDYjC.js:13
Cl @ vendors-DwcbDYjC.js:13
wl @ vendors-DwcbDYjC.js:13
Cl @ vendors-DwcbDYjC.js:13
wl @ vendors-DwcbDYjC.js:13
Cl @ vendors-DwcbDYjC.js:13
wl @ vendors-DwcbDYjC.js:13
Cl @ vendors-DwcbDYjC.js:13
wl @ vendors-DwcbDYjC.js:13
Cl @ vendors-DwcbDYjC.js:13
wl @ vendors-DwcbDYjC.js:13
Cl @ vendors-DwcbDYjC.js:13
wl @ vendors-DwcbDYjC.js:13
Cl @ vendors-DwcbDYjC.js:13
wl @ vendors-DwcbDYjC.js:13
Cl @ vendors-DwcbDYjC.js:13
wl @ vendors-DwcbDYjC.js:13
Cl @ vendors-DwcbDYjC.js:13
wl @ vendors-DwcbDYjC.js:13
Cl @ vendors-DwcbDYjC.js:13
wl @ vendors-DwcbDYjC.js:13
Cl @ vendors-DwcbDYjC.js:13
wl @ vendors-DwcbDYjC.js:13
Cl @ vendors-DwcbDYjC.js:13
wl @ vendors-DwcbDYjC.js:13
Cl @ vendors-DwcbDYjC.js:13
wl @ vendors-DwcbDYjC.js:13
Cl @ vendors-DwcbDYjC.js:13
wl @ vendors-DwcbDYjC.js:13
Cl @ vendors-DwcbDYjC.js:13
wl @ vendors-DwcbDYjC.js:13
Cl @ vendors-DwcbDYjC.js:13
wl @ vendors-DwcbDYjC.js:13
Cl @ vendors-DwcbDYjC.js:13
wl @ vendors-DwcbDYjC.js:13
Cl @ vendors-DwcbDYjC.js:13
wl @ vendors-DwcbDYjC.js:13
Cl @ vendors-DwcbDYjC.js:13
wl @ vendors-DwcbDYjC.js:13
Cl @ vendors-DwcbDYjC.js:13
wl @ vendors-DwcbDYjC.js:13
Cl @ vendors-DwcbDYjC.js:13
wl @ vendors-DwcbDYjC.js:13
Cl @ vendors-DwcbDYjC.js:13
wl @ vendors-DwcbDYjC.js:13
Cl @ vendors-DwcbDYjC.js:13
wl @ vendors-DwcbDYjC.js:13
Cl @ vendors-DwcbDYjC.js:13
wl @ vendors-DwcbDYjC.js:13
Cl @ vendors-DwcbDYjC.js:13
wl @ vendors-DwcbDYjC.js:13
Cl @ vendors-DwcbDYjC.js:13
wl @ vendors-DwcbDYjC.js:13
Cl @ vendors-DwcbDYjC.js:13
wl @ vendors-DwcbDYjC.js:13
Cl @ vendors-DwcbDYjC.js:13
wl @ vendors-DwcbDYjC.js:13
Cl @ vendors-DwcbDYjC.js:13
wl @ vendors-DwcbDYjC.js:13
Cl @ vendors-DwcbDYjC.js:13
wl @ vendors-DwcbDYjC.js:13
Cl @ vendors-DwcbDYjC.js:13
wl @ vendors-DwcbDYjC.js:13
Cl @ vendors-DwcbDYjC.js:13
wl @ vendors-DwcbDYjC.js:13
Cl @ vendors-DwcbDYjC.js:13
wl @ vendors-DwcbDYjC.js:13
Cl @ vendors-DwcbDYjC.js:13
wl @ vendors-DwcbDYjC.js:13
Cl @ vendors-DwcbDYjC.js:13
wl @ vendors-DwcbDYjC.js:13
Cl @ vendors-DwcbDYjC.js:13
wl @ vendors-DwcbDYjC.js:13
Cl @ vendors-DwcbDYjC.js:13
wl @ vendors-DwcbDYjC.js:13
Cl @ vendors-DwcbDYjC.js:13
wl @ vendors-DwcbDYjC.js:13
Cl @ vendors-DwcbDYjC.js:13
wl @ vendors-DwcbDYjC.js:13
Cl @ vendors-DwcbDYjC.js:13
wl @ vendors-DwcbDYjC.js:13
Cl @ vendors-DwcbDYjC.js:13
wl @ vendors-DwcbDYjC.js:13
Cl @ vendors-DwcbDYjC.js:13
wl @ vendors-DwcbDYjC.js:13
Cl @ vendors-DwcbDYjC.js:13
wl @ vendors-DwcbDYjC.js:13
Cl @ vendors-DwcbDYjC.js:13
wl @ vendors-DwcbDYjC.js:13
Cl @ vendors-DwcbDYjC.js:13
wl @ vendors-DwcbDYjC.js:13
Cl @ vendors-DwcbDYjC.js:13
wl @ vendors-DwcbDYjC.js:13
Cl @ vendors-DwcbDYjC.js:13
wl @ vendors-DwcbDYjC.js:13
Cl @ vendors-DwcbDYjC.js:13
wl @ vendors-DwcbDYjC.js:13
Cl @ vendors-DwcbDYjC.js:13
wl @ vendors-DwcbDYjC.js:13
Cl @ vendors-DwcbDYjC.js:13
wl @ vendors-DwcbDYjC.js:13
Cl @ vendors-DwcbDYjC.js:13
wl @ vendors-DwcbDYjC.js:13
Cl @ vendors-DwcbDYjC.js:13
wl @ vendors-DwcbDYjC.js:13
Cl @ vendors-DwcbDYjC.js:13
wl @ vendors-DwcbDYjC.js:13
Cl @ vendors-DwcbDYjC.js:13
wl @ vendors-DwcbDYjC.js:13
Cl @ vendors-DwcbDYjC.js:13
wl @ vendors-DwcbDYjC.js:13
Cl @ vendors-DwcbDYjC.js:13
wl @ vendors-DwcbDYjC.js:13
Cl @ vendors-DwcbDYjC.js:13
wl @ vendors-DwcbDYjC.js:13
Cl @ vendors-DwcbDYjC.js:13
wl @ vendors-DwcbDYjC.js:13
Cl @ vendors-DwcbDYjC.js:13
wl @ vendors-DwcbDYjC.js:13
Cl @ vendors-DwcbDYjC.js:13
wl @ vendors-DwcbDYjC.js:13
Cl @ vendors-DwcbDYjC.js:13
wl @ vendors-DwcbDYjC.js:13
Cl @ vendors-DwcbDYjC.js:13
wl @ vendors-DwcbDYjC.js:13
Cl @ vendors-DwcbDYjC.js:13
wl @ vendors-DwcbDYjC.js:13
Cl @ vendors-DwcbDYjC.js:13
wl @ vendors-DwcbDYjC.js:13
Cl @ vendors-DwcbDYjC.js:13
wl @ vendors-DwcbDYjC.js:13
Cl @ vendors-DwcbDYjC.js:13
wl @ vendors-DwcbDYjC.js:13
Cl @ vendors-DwcbDYjC.js:13
wl @ vendors-DwcbDYjC.js:13
Cl @ vendors-DwcbDYjC.js:13
wl @ vendors-DwcbDYjC.js:13
Cl @ vendors-DwcbDYjC.js:13
wl @ vendors-DwcbDYjC.js:13
Cl @ vendors-DwcbDYjC.js:13
wl @ vendors-DwcbDYjC.js:13
Cl @ vendors-DwcbDYjC.js:13
wl @ vendors-DwcbDYjC.js:13
Cl @ vendors-DwcbDYjC.js:13
wl @ vendors-DwcbDYjC.js:13
Cl @ vendors-DwcbDYjC.js:13
wl @ vendors-DwcbDYjC.js:13
Cl @ vendors-DwcbDYjC.js:13
wl @ vendors-DwcbDYjC.js:13
Cl @ vendors-DwcbDYjC.js:13
wl @ vendors-DwcbDYjC.js:13
Cl @ vendors-DwcbDYjC.js:13
wl @ vendors-DwcbDYjC.js:13
Cl @ vendors-DwcbDYjC.js:13
wl @ vendors-DwcbDYjC.js:13
Cl @ vendors-DwcbDYjC.js:13
wl @ vendors-DwcbDYjC.js:13
Cl @ vendors-DwcbDYjC.js:13
wl @ vendors-DwcbDYjC.js:13
Cl @ vendors-DwcbDYjC.js:13
postMessage
re @ vendors-DwcbDYjC.js:6
w @ vendors-DwcbDYjC.js:6
postMessage
re @ vendors-DwcbDYjC.js:6
e.unstable_scheduleCallback @ vendors-DwcbDYjC.js:6
ad @ vendors-DwcbDYjC.js:13
id @ vendors-DwcbDYjC.js:13
(anonymous) @ vendors-DwcbDYjC.js:13
shared-B_vq3eAE.js:3 [CM:validate] perplexity: {valid: false, errors: Array(1), warnings: Array(2), stats: {…}}
shared-B_vq3eAE.js:3 [CM:validate] perplexity: {valid: false, errors: Array(1), warnings: Array(2), stats: {…}}
shared-B_vq3eAE.js:9 [ContextMover] Skipping capture — 5 user-only messages (awaiting assistant response)
shared-B_vq3eAE.js:9 [ContextMover] Capture triggered for perplexity (DOM fallback)
perplexity-C6cLIoV2.js:5 [ContextMover:perplexity] A data-message-role: 0
perplexity-C6cLIoV2.js:5 [ContextMover:perplexity] B class-substr: user=5 asst=1
perplexity-C6cLIoV2.js:5 [ContextMover:perplexity] empty content for role=assistant
scrapeMessages @ perplexity-C6cLIoV2.js:5
runCapturePipeline @ shared-B_vq3eAE.js:9
scrapeMessages @ perplexity-C6cLIoV2.js:5
_0x28dda8 @ shared-B_vq3eAE.js:9
setTimeout
startSessionCapture @ shared-B_vq3eAE.js:9
(anonymous) @ perplexity-C6cLIoV2.js:5
perplexity-C6cLIoV2.js:5 [CM:capture] perplexity {total: 5, user: 5, assistant: 0, preview: Array(5)}
perplexity-C6cLIoV2.js:5 [ContextMover:perplexity] ASSISTANT MESSAGES MISSING
scrapeMessages @ perplexity-C6cLIoV2.js:5
runCapturePipeline @ shared-B_vq3eAE.js:9
scrapeMessages @ perplexity-C6cLIoV2.js:5
_0x28dda8 @ shared-B_vq3eAE.js:9
setTimeout
startSessionCapture @ shared-B_vq3eAE.js:9
(anonymous) @ perplexity-C6cLIoV2.js:5
shared-B_vq3eAE.js:3 [CM:validate] perplexity: {valid: false, errors: Array(1), warnings: Array(2), stats: {…}}
shared-B_vq3eAE.js:3 [CM:validate] perplexity: {valid: false, errors: Array(1), warnings: Array(2), stats: {…}}
shared-B_vq3eAE.js:9 [ContextMover] Skipping capture — 5 user-only messages (awaiting assistant response)
shared-B_vq3eAE.js:7 [CM:health] perplexity: success=20% assistant=20%
shared-B_vq3eAE.js:7 [CM:health] ALERT: perplexity capture rate dropped to 20% — selectors may be broken
checkHealth @ shared-B_vq3eAE.js:7
record @ shared-B_vq3eAE.js:7
await in record
runCapturePipeline @ shared-B_vq3eAE.js:9
scrapeMessages @ perplexity-C6cLIoV2.js:5
_0x28dda8 @ shared-B_vq3eAE.js:9
setTimeout
startSessionCapture @ shared-B_vq3eAE.js:9
(anonymous) @ perplexity-C6cLIoV2.js:5
shared-B_vq3eAE.js:7 [CM:health] perplexity: success=20% assistant=20%
shared-B_vq3eAE.js:7 [CM:health] ALERT: perplexity capture rate dropped to 20% — selectors may be broken
checkHealth @ shared-B_vq3eAE.js:7
record @ shared-B_vq3eAE.js:7
await in record
runCapturePipeline @ shared-B_vq3eAE.js:9
scrapeMessages @ perplexity-C6cLIoV2.js:5
_0x28dda8 @ shared-B_vq3eAE.js:9
setTimeout
Zwxhu @ shared-B_vq3eAE.js:9
startSessionCapture @ shared-B_vq3eAE.js:9
(anonymous) @ perplexity-C6cLIoV2.js:5
shared-B_vq3eAE.js:7 [CM:health] perplexity: success=20% assistant=20%
shared-B_vq3eAE.js:7 [CM:health] ALERT: perplexity capture rate dropped to 20% — selectors may be broken
checkHealth @ shared-B_vq3eAE.js:7
record @ shared-B_vq3eAE.js:7
await in record
runCapturePipeline @ shared-B_vq3eAE.js:9
scrapeMessages @ perplexity-C6cLIoV2.js:5
_0x28dda8 @ shared-B_vq3eAE.js:9
(anonymous) @ shared-B_vq3eAE.js:9
setTimeout
Zwxhu @ shared-B_vq3eAE.js:9
(anonymous) @ shared-B_vq3eAE.js:9
await in (anonymous)
startSessionCapture @ shared-B_vq3eAE.js:9
(anonymous) @ perplexity-C6cLIoV2.js:5
shared-B_vq3eAE.js:7 [CM:health] perplexity: success=20% assistant=20%
vendors-DwcbDYjC.js:13 [CM:health] ALERT: perplexity capture rate dropped to 20% — selectors may be broken
checkHealth @ shared-B_vq3eAE.js:7
record @ shared-B_vq3eAE.js:7
await in record
runCapturePipeline @ shared-B_vq3eAE.js:9
scrapeMessages @ perplexity-C6cLIoV2.js:5
_0x28dda8 @ shared-B_vq3eAE.js:9
setTimeout
_0x16a6a0 @ shared-B_vq3eAE.js:9
childList
cl @ vendors-DwcbDYjC.js:13
sl @ vendors-DwcbDYjC.js:13
cl @ vendors-DwcbDYjC.js:13
pl @ vendors-DwcbDYjC.js:13
hl @ vendors-DwcbDYjC.js:13
pl @ vendors-DwcbDYjC.js:13
hl @ vendors-DwcbDYjC.js:13
pl @ vendors-DwcbDYjC.js:13
hl @ vendors-DwcbDYjC.js:13
pl @ vendors-DwcbDYjC.js:13
hl @ vendors-DwcbDYjC.js:13
pl @ vendors-DwcbDYjC.js:13
hl @ vendors-DwcbDYjC.js:13
pl @ vendors-DwcbDYjC.js:13
hl @ vendors-DwcbDYjC.js:13
pl @ vendors-DwcbDYjC.js:13
hl @ vendors-DwcbDYjC.js:13
pl @ vendors-DwcbDYjC.js:13
hl @ vendors-DwcbDYjC.js:13
pl @ vendors-DwcbDYjC.js:13
hl @ vendors-DwcbDYjC.js:13
pl @ vendors-DwcbDYjC.js:13
hl @ vendors-DwcbDYjC.js:13
pl @ vendors-DwcbDYjC.js:13
hl @ vendors-DwcbDYjC.js:13
pl @ vendors-DwcbDYjC.js:13
hl @ vendors-DwcbDYjC.js:13
pl @ vendors-DwcbDYjC.js:13
hl @ vendors-DwcbDYjC.js:13
pl @ vendors-DwcbDYjC.js:13
hl @ vendors-DwcbDYjC.js:13
pl @ vendors-DwcbDYjC.js:13
hl @ vendors-DwcbDYjC.js:13
pl @ vendors-DwcbDYjC.js:13
hl @ vendors-DwcbDYjC.js:13
pl @ vendors-DwcbDYjC.js:13
hl @ vendors-DwcbDYjC.js:13
pl @ vendors-DwcbDYjC.js:13
hl @ vendors-DwcbDYjC.js:13
pl @ vendors-DwcbDYjC.js:13
hl @ vendors-DwcbDYjC.js:13
pl @ vendors-DwcbDYjC.js:13
hl @ vendors-DwcbDYjC.js:13
pl @ vendors-DwcbDYjC.js:13
hl @ vendors-DwcbDYjC.js:13
pl @ vendors-DwcbDYjC.js:13
hl @ vendors-DwcbDYjC.js:13
pl @ vendors-DwcbDYjC.js:13
hl @ vendors-DwcbDYjC.js:13
pl @ vendors-DwcbDYjC.js:13
hl @ vendors-DwcbDYjC.js:13
pl @ vendors-DwcbDYjC.js:13
hl @ vendors-DwcbDYjC.js:13
pl @ vendors-DwcbDYjC.js:13
hl @ vendors-DwcbDYjC.js:13
pl @ vendors-DwcbDYjC.js:13
hl @ vendors-DwcbDYjC.js:13
pl @ vendors-DwcbDYjC.js:13
hl @ vendors-DwcbDYjC.js:13
pl @ vendors-DwcbDYjC.js:13
hl @ vendors-DwcbDYjC.js:13
pl @ vendors-DwcbDYjC.js:13
hl @ vendors-DwcbDYjC.js:13
pl @ vendors-DwcbDYjC.js:13
hl @ vendors-DwcbDYjC.js:13
pl @ vendors-DwcbDYjC.js:13
hl @ vendors-DwcbDYjC.js:13
pl @ vendors-DwcbDYjC.js:13
hl @ vendors-DwcbDYjC.js:13
pl @ vendors-DwcbDYjC.js:13
hl @ vendors-DwcbDYjC.js:13
pl @ vendors-DwcbDYjC.js:13
hl @ vendors-DwcbDYjC.js:13
pl @ vendors-DwcbDYjC.js:13
hl @ vendors-DwcbDYjC.js:13
pl @ vendors-DwcbDYjC.js:13
hl @ vendors-DwcbDYjC.js:13
pl @ vendors-DwcbDYjC.js:13
hl @ vendors-DwcbDYjC.js:13
pl @ vendors-DwcbDYjC.js:13
hl @ vendors-DwcbDYjC.js:13
pl @ vendors-DwcbDYjC.js:13
hl @ vendors-DwcbDYjC.js:13
pl @ vendors-DwcbDYjC.js:13
hl @ vendors-DwcbDYjC.js:13
pl @ vendors-DwcbDYjC.js:13
hl @ vendors-DwcbDYjC.js:13
pl @ vendors-DwcbDYjC.js:13
hl @ vendors-DwcbDYjC.js:13
pl @ vendors-DwcbDYjC.js:13
hl @ vendors-DwcbDYjC.js:13
pl @ vendors-DwcbDYjC.js:13
hl @ vendors-DwcbDYjC.js:13
pl @ vendors-DwcbDYjC.js:13
hl @ vendors-DwcbDYjC.js:13
pl @ vendors-DwcbDYjC.js:13
hl @ vendors-DwcbDYjC.js:13
pl @ vendors-DwcbDYjC.js:13
hl @ vendors-DwcbDYjC.js:13
pl @ vendors-DwcbDYjC.js:13
hl @ vendors-DwcbDYjC.js:13
pl @ vendors-DwcbDYjC.js:13
hl @ vendors-DwcbDYjC.js:13
pl @ vendors-DwcbDYjC.js:13
hl @ vendors-DwcbDYjC.js:13
pl @ vendors-DwcbDYjC.js:13
hl @ vendors-DwcbDYjC.js:13
pl @ vendors-DwcbDYjC.js:13
hl @ vendors-DwcbDYjC.js:13
pl @ vendors-DwcbDYjC.js:13
hl @ vendors-DwcbDYjC.js:13
pl @ vendors-DwcbDYjC.js:13
hl @ vendors-DwcbDYjC.js:13
pl @ vendors-DwcbDYjC.js:13
hl @ vendors-DwcbDYjC.js:13
pl @ vendors-DwcbDYjC.js:13
hl @ vendors-DwcbDYjC.js:13
pl @ vendors-DwcbDYjC.js:13
hl @ vendors-DwcbDYjC.js:13
pl @ vendors-DwcbDYjC.js:13
hl @ vendors-DwcbDYjC.js:13
pl @ vendors-DwcbDYjC.js:13
hl @ vendors-DwcbDYjC.js:13
pl @ vendors-DwcbDYjC.js:13
hl @ vendors-DwcbDYjC.js:13
pl @ vendors-DwcbDYjC.js:13
hl @ vendors-DwcbDYjC.js:13
pl @ vendors-DwcbDYjC.js:13
hl @ vendors-DwcbDYjC.js:13
pl @ vendors-DwcbDYjC.js:13
hl @ vendors-DwcbDYjC.js:13
pl @ vendors-DwcbDYjC.js:13
hl @ vendors-DwcbDYjC.js:13
pl @ vendors-DwcbDYjC.js:13
hl @ vendors-DwcbDYjC.js:13
pl @ vendors-DwcbDYjC.js:13
hl @ vendors-DwcbDYjC.js:13
pl @ vendors-DwcbDYjC.js:13
hl @ vendors-DwcbDYjC.js:13
pl @ vendors-DwcbDYjC.js:13
hl @ vendors-DwcbDYjC.js:13
pl @ vendors-DwcbDYjC.js:13
hl @ vendors-DwcbDYjC.js:13
pl @ vendors-DwcbDYjC.js:13
hl @ vendors-DwcbDYjC.js:13
pl @ vendors-DwcbDYjC.js:13
hl @ vendors-DwcbDYjC.js:13
pl @ vendors-DwcbDYjC.js:13
hl @ vendors-DwcbDYjC.js:13
pl @ vendors-DwcbDYjC.js:13
hl @ vendors-DwcbDYjC.js:13
pl @ vendors-DwcbDYjC.js:13
hl @ vendors-DwcbDYjC.js:13
pl @ vendors-DwcbDYjC.js:13
hl @ vendors-DwcbDYjC.js:13
pl @ vendors-DwcbDYjC.js:13
hl @ vendors-DwcbDYjC.js:13
pl @ vendors-DwcbDYjC.js:13
hl @ vendors-DwcbDYjC.js:13
pl @ vendors-DwcbDYjC.js:13
hl @ vendors-DwcbDYjC.js:13
pl @ vendors-DwcbDYjC.js:13
hl @ vendors-DwcbDYjC.js:13
pl @ vendors-DwcbDYjC.js:13
hl @ vendors-DwcbDYjC.js:13
pl @ vendors-DwcbDYjC.js:13
hl @ vendors-DwcbDYjC.js:13
pl @ vendors-DwcbDYjC.js:13
hl @ vendors-DwcbDYjC.js:13
pl @ vendors-DwcbDYjC.js:13
hl @ vendors-DwcbDYjC.js:13
pl @ vendors-DwcbDYjC.js:13
hl @ vendors-DwcbDYjC.js:13
pl @ vendors-DwcbDYjC.js:13
hl @ vendors-DwcbDYjC.js:13
pl @ vendors-DwcbDYjC.js:13
hl @ vendors-DwcbDYjC.js:13
pl @ vendors-DwcbDYjC.js:13
hl @ vendors-DwcbDYjC.js:13
pl @ vendors-DwcbDYjC.js:13
hl @ vendors-DwcbDYjC.js:13
pl @ vendors-DwcbDYjC.js:13
hl @ vendors-DwcbDYjC.js:13
pl @ vendors-DwcbDYjC.js:13
hl @ vendors-DwcbDYjC.js:13
pl @ vendors-DwcbDYjC.js:13
hl @ vendors-DwcbDYjC.js:13
pl @ vendors-DwcbDYjC.js:13
hl @ vendors-DwcbDYjC.js:13
pl @ vendors-DwcbDYjC.js:13
hl @ vendors-DwcbDYjC.js:13
pl @ vendors-DwcbDYjC.js:13
hl @ vendors-DwcbDYjC.js:13
pl @ vendors-DwcbDYjC.js:13
hl @ vendors-DwcbDYjC.js:13
pl @ vendors-DwcbDYjC.js:13
hl @ vendors-DwcbDYjC.js:13
pl @ vendors-DwcbDYjC.js:13
hl @ vendors-DwcbDYjC.js:13
pl @ vendors-DwcbDYjC.js:13
Promise.then
(anonymous) @ platform-core-BPOTJzK1.js:6
Rc @ vendors-DwcbDYjC.js:13
wl @ vendors-DwcbDYjC.js:13
Cl @ vendors-DwcbDYjC.js:13
wl @ vendors-DwcbDYjC.js:13
Cl @ vendors-DwcbDYjC.js:13
wl @ vendors-DwcbDYjC.js:13
Cl @ vendors-DwcbDYjC.js:13
wl @ vendors-DwcbDYjC.js:13
Cl @ vendors-DwcbDYjC.js:13
wl @ vendors-DwcbDYjC.js:13
Cl @ vendors-DwcbDYjC.js:13
wl @ vendors-DwcbDYjC.js:13
Cl @ vendors-DwcbDYjC.js:13
wl @ vendors-DwcbDYjC.js:13
Cl @ vendors-DwcbDYjC.js:13
wl @ vendors-DwcbDYjC.js:13
Cl @ vendors-DwcbDYjC.js:13
wl @ vendors-DwcbDYjC.js:13
Cl @ vendors-DwcbDYjC.js:13
wl @ vendors-DwcbDYjC.js:13
Cl @ vendors-DwcbDYjC.js:13
wl @ vendors-DwcbDYjC.js:13
Cl @ vendors-DwcbDYjC.js:13
wl @ vendors-DwcbDYjC.js:13
Cl @ vendors-DwcbDYjC.js:13
wl @ vendors-DwcbDYjC.js:13
Cl @ vendors-DwcbDYjC.js:13
wl @ vendors-DwcbDYjC.js:13
Cl @ vendors-DwcbDYjC.js:13
wl @ vendors-DwcbDYjC.js:13
Cl @ vendors-DwcbDYjC.js:13
wl @ vendors-DwcbDYjC.js:13
Cl @ vendors-DwcbDYjC.js:13
wl @ vendors-DwcbDYjC.js:13
Cl @ vendors-DwcbDYjC.js:13
wl @ vendors-DwcbDYjC.js:13
Cl @ vendors-DwcbDYjC.js:13
wl @ vendors-DwcbDYjC.js:13
Cl @ vendors-DwcbDYjC.js:13
wl @ vendors-DwcbDYjC.js:13
Cl @ vendors-DwcbDYjC.js:13
wl @ vendors-DwcbDYjC.js:13
Cl @ vendors-DwcbDYjC.js:13
wl @ vendors-DwcbDYjC.js:13
Cl @ vendors-DwcbDYjC.js:13
wl @ vendors-DwcbDYjC.js:13
Cl @ vendors-DwcbDYjC.js:13
wl @ vendors-DwcbDYjC.js:13
Cl @ vendors-DwcbDYjC.js:13
wl @ vendors-DwcbDYjC.js:13
Cl @ vendors-DwcbDYjC.js:13
wl @ vendors-DwcbDYjC.js:13
Cl @ vendors-DwcbDYjC.js:13
wl @ vendors-DwcbDYjC.js:13
Cl @ vendors-DwcbDYjC.js:13
wl @ vendors-DwcbDYjC.js:13
Cl @ vendors-DwcbDYjC.js:13
wl @ vendors-DwcbDYjC.js:13
Cl @ vendors-DwcbDYjC.js:13
wl @ vendors-DwcbDYjC.js:13
Cl @ vendors-DwcbDYjC.js:13
wl @ vendors-DwcbDYjC.js:13
Cl @ vendors-DwcbDYjC.js:13
wl @ vendors-DwcbDYjC.js:13
Cl @ vendors-DwcbDYjC.js:13
wl @ vendors-DwcbDYjC.js:13
Cl @ vendors-DwcbDYjC.js:13
wl @ vendors-DwcbDYjC.js:13
Cl @ vendors-DwcbDYjC.js:13
wl @ vendors-DwcbDYjC.js:13
Cl @ vendors-DwcbDYjC.js:13
wl @ vendors-DwcbDYjC.js:13
Cl @ vendors-DwcbDYjC.js:13
wl @ vendors-DwcbDYjC.js:13
Cl @ vendors-DwcbDYjC.js:13
wl @ vendors-DwcbDYjC.js:13
Cl @ vendors-DwcbDYjC.js:13
wl @ vendors-DwcbDYjC.js:13
Cl @ vendors-DwcbDYjC.js:13
wl @ vendors-DwcbDYjC.js:13
Cl @ vendors-DwcbDYjC.js:13
wl @ vendors-DwcbDYjC.js:13
Cl @ vendors-DwcbDYjC.js:13
wl @ vendors-DwcbDYjC.js:13
Cl @ vendors-DwcbDYjC.js:13
wl @ vendors-DwcbDYjC.js:13
Cl @ vendors-DwcbDYjC.js:13
wl @ vendors-DwcbDYjC.js:13
Cl @ vendors-DwcbDYjC.js:13
wl @ vendors-DwcbDYjC.js:13
Cl @ vendors-DwcbDYjC.js:13
wl @ vendors-DwcbDYjC.js:13
Cl @ vendors-DwcbDYjC.js:13
wl @ vendors-DwcbDYjC.js:13
Cl @ vendors-DwcbDYjC.js:13
wl @ vendors-DwcbDYjC.js:13
Cl @ vendors-DwcbDYjC.js:13
wl @ vendors-DwcbDYjC.js:13
Cl @ vendors-DwcbDYjC.js:13
wl @ vendors-DwcbDYjC.js:13
Cl @ vendors-DwcbDYjC.js:13
wl @ vendors-DwcbDYjC.js:13
Cl @ vendors-DwcbDYjC.js:13
wl @ vendors-DwcbDYjC.js:13
Cl @ vendors-DwcbDYjC.js:13
wl @ vendors-DwcbDYjC.js:13
Cl @ vendors-DwcbDYjC.js:13
wl @ vendors-DwcbDYjC.js:13
Cl @ vendors-DwcbDYjC.js:13
wl @ vendors-DwcbDYjC.js:13
Cl @ vendors-DwcbDYjC.js:13
wl @ vendors-DwcbDYjC.js:13
Cl @ vendors-DwcbDYjC.js:13
wl @ vendors-DwcbDYjC.js:13
Cl @ vendors-DwcbDYjC.js:13
wl @ vendors-DwcbDYjC.js:13
Cl @ vendors-DwcbDYjC.js:13
wl @ vendors-DwcbDYjC.js:13
Cl @ vendors-DwcbDYjC.js:13
wl @ vendors-DwcbDYjC.js:13
Cl @ vendors-DwcbDYjC.js:13
wl @ vendors-DwcbDYjC.js:13
Cl @ vendors-DwcbDYjC.js:13
wl @ vendors-DwcbDYjC.js:13
Cl @ vendors-DwcbDYjC.js:13
wl @ vendors-DwcbDYjC.js:13
Cl @ vendors-DwcbDYjC.js:13
wl @ vendors-DwcbDYjC.js:13
Cl @ vendors-DwcbDYjC.js:13
wl @ vendors-DwcbDYjC.js:13
Cl @ vendors-DwcbDYjC.js:13
wl @ vendors-DwcbDYjC.js:13
Cl @ vendors-DwcbDYjC.js:13
wl @ vendors-DwcbDYjC.js:13
Cl @ vendors-DwcbDYjC.js:13
wl @ vendors-DwcbDYjC.js:13
Cl @ vendors-DwcbDYjC.js:13
wl @ vendors-DwcbDYjC.js:13
Cl @ vendors-DwcbDYjC.js:13
wl @ vendors-DwcbDYjC.js:13
Cl @ vendors-DwcbDYjC.js:13
wl @ vendors-DwcbDYjC.js:13
Cl @ vendors-DwcbDYjC.js:13
wl @ vendors-DwcbDYjC.js:13
Cl @ vendors-DwcbDYjC.js:13
wl @ vendors-DwcbDYjC.js:13
Cl @ vendors-DwcbDYjC.js:13
wl @ vendors-DwcbDYjC.js:13
Cl @ vendors-DwcbDYjC.js:13
wl @ vendors-DwcbDYjC.js:13
Cl @ vendors-DwcbDYjC.js:13
wl @ vendors-DwcbDYjC.js:13
Cl @ vendors-DwcbDYjC.js:13
wl @ vendors-DwcbDYjC.js:13
Cl @ vendors-DwcbDYjC.js:13
wl @ vendors-DwcbDYjC.js:13
Cl @ vendors-DwcbDYjC.js:13
wl @ vendors-DwcbDYjC.js:13
Cl @ vendors-DwcbDYjC.js:13
wl @ vendors-DwcbDYjC.js:13
Cl @ vendors-DwcbDYjC.js:13
wl @ vendors-DwcbDYjC.js:13
Cl @ vendors-DwcbDYjC.js:13
wl @ vendors-DwcbDYjC.js:13
Cl @ vendors-DwcbDYjC.js:13
wl @ vendors-DwcbDYjC.js:13
Cl @ vendors-DwcbDYjC.js:13
wl @ vendors-DwcbDYjC.js:13
Cl @ vendors-DwcbDYjC.js:13
wl @ vendors-DwcbDYjC.js:13
Cl @ vendors-DwcbDYjC.js:13
wl @ vendors-DwcbDYjC.js:13
Cl @ vendors-DwcbDYjC.js:13
wl @ vendors-DwcbDYjC.js:13
Cl @ vendors-DwcbDYjC.js:13
wl @ vendors-DwcbDYjC.js:13
Cl @ vendors-DwcbDYjC.js:13
wl @ vendors-DwcbDYjC.js:13
Cl @ vendors-DwcbDYjC.js:13
wl @ vendors-DwcbDYjC.js:13
Cl @ vendors-DwcbDYjC.js:13
wl @ vendors-DwcbDYjC.js:13
Cl @ vendors-DwcbDYjC.js:13
wl @ vendors-DwcbDYjC.js:13
Cl @ vendors-DwcbDYjC.js:13
wl @ vendors-DwcbDYjC.js:13
Cl @ vendors-DwcbDYjC.js:13
wl @ vendors-DwcbDYjC.js:13
Cl @ vendors-DwcbDYjC.js:13
wl @ vendors-DwcbDYjC.js:13
Cl @ vendors-DwcbDYjC.js:13
wl @ vendors-DwcbDYjC.js:13
Cl @ vendors-DwcbDYjC.js:13
wl @ vendors-DwcbDYjC.js:13
Cl @ vendors-DwcbDYjC.js:13
wl @ vendors-DwcbDYjC.js:13
Cl @ vendors-DwcbDYjC.js:13
wl @ vendors-DwcbDYjC.js:13
Cl @ vendors-DwcbDYjC.js:13
postMessage
re @ vendors-DwcbDYjC.js:6
e.unstable_scheduleCallback @ vendors-DwcbDYjC.js:6
Ju @ vendors-DwcbDYjC.js:13
Fu @ vendors-DwcbDYjC.js:13
hu @ vendors-DwcbDYjC.js:13
mu @ vendors-DwcbDYjC.js:13
sd @ vendors-DwcbDYjC.js:13
nd @ vendors-DwcbDYjC.js:13
vu @ vendors-DwcbDYjC.js:13
gf @ vendors-DwcbDYjC.js:14
e.flushSync @ vendors-DwcbDYjC.js:6
(anonymous) @ platform-core-BPOTJzK1.js:6
Promise.then
(anonymous) @ platform-core-BPOTJzK1.js:6
Rc @ vendors-DwcbDYjC.js:13
wl @ vendors-DwcbDYjC.js:13
Cl @ vendors-DwcbDYjC.js:13
wl @ vendors-DwcbDYjC.js:13
Cl @ vendors-DwcbDYjC.js:13
wl @ vendors-DwcbDYjC.js:13
Cl @ vendors-DwcbDYjC.js:13
wl @ vendors-DwcbDYjC.js:13
Cl @ vendors-DwcbDYjC.js:13
wl @ vendors-DwcbDYjC.js:13
Cl @ vendors-DwcbDYjC.js:13
wl @ vendors-DwcbDYjC.js:13
Cl @ vendors-DwcbDYjC.js:13
wl @ vendors-DwcbDYjC.js:13
Cl @ vendors-DwcbDYjC.js:13
wl @ vendors-DwcbDYjC.js:13
Cl @ vendors-DwcbDYjC.js:13
wl @ vendors-DwcbDYjC.js:13
Cl @ vendors-DwcbDYjC.js:13
wl @ vendors-DwcbDYjC.js:13
Cl @ vendors-DwcbDYjC.js:13
wl @ vendors-DwcbDYjC.js:13
Cl @ vendors-DwcbDYjC.js:13
wl @ vendors-DwcbDYjC.js:13
Cl @ vendors-DwcbDYjC.js:13
wl @ vendors-DwcbDYjC.js:13
Cl @ vendors-DwcbDYjC.js:13
wl @ vendors-DwcbDYjC.js:13
Cl @ vendors-DwcbDYjC.js:13
wl @ vendors-DwcbDYjC.js:13
Cl @ vendors-DwcbDYjC.js:13
wl @ vendors-DwcbDYjC.js:13
Cl @ vendors-DwcbDYjC.js:13
wl @ vendors-DwcbDYjC.js:13
Cl @ vendors-DwcbDYjC.js:13
wl @ vendors-DwcbDYjC.js:13
Cl @ vendors-DwcbDYjC.js:13
wl @ vendors-DwcbDYjC.js:13
Cl @ vendors-DwcbDYjC.js:13
wl @ vendors-DwcbDYjC.js:13
Cl @ vendors-DwcbDYjC.js:13
wl @ vendors-DwcbDYjC.js:13
Cl @ vendors-DwcbDYjC.js:13
wl @ vendors-DwcbDYjC.js:13
Cl @ vendors-DwcbDYjC.js:13
wl @ vendors-DwcbDYjC.js:13
Cl @ vendors-DwcbDYjC.js:13
wl @ vendors-DwcbDYjC.js:13
Cl @ vendors-DwcbDYjC.js:13
wl @ vendors-DwcbDYjC.js:13
Cl @ vendors-DwcbDYjC.js:13
wl @ vendors-DwcbDYjC.js:13
Cl @ vendors-DwcbDYjC.js:13
wl @ vendors-DwcbDYjC.js:13
Cl @ vendors-DwcbDYjC.js:13
wl @ vendors-DwcbDYjC.js:13
Cl @ vendors-DwcbDYjC.js:13
wl @ vendors-DwcbDYjC.js:13
Cl @ vendors-DwcbDYjC.js:13
wl @ vendors-DwcbDYjC.js:13
Cl @ vendors-DwcbDYjC.js:13
wl @ vendors-DwcbDYjC.js:13
Cl @ vendors-DwcbDYjC.js:13
wl @ vendors-DwcbDYjC.js:13
Cl @ vendors-DwcbDYjC.js:13
wl @ vendors-DwcbDYjC.js:13
Cl @ vendors-DwcbDYjC.js:13
wl @ vendors-DwcbDYjC.js:13
Cl @ vendors-DwcbDYjC.js:13
wl @ vendors-DwcbDYjC.js:13
Cl @ vendors-DwcbDYjC.js:13
wl @ vendors-DwcbDYjC.js:13
Cl @ vendors-DwcbDYjC.js:13
wl @ vendors-DwcbDYjC.js:13
Cl @ vendors-DwcbDYjC.js:13
wl @ vendors-DwcbDYjC.js:13
Cl @ vendors-DwcbDYjC.js:13
wl @ vendors-DwcbDYjC.js:13
Cl @ vendors-DwcbDYjC.js:13
wl @ vendors-DwcbDYjC.js:13
Cl @ vendors-DwcbDYjC.js:13
wl @ vendors-DwcbDYjC.js:13
Cl @ vendors-DwcbDYjC.js:13
wl @ vendors-DwcbDYjC.js:13
Cl @ vendors-DwcbDYjC.js:13
wl @ vendors-DwcbDYjC.js:13
Cl @ vendors-DwcbDYjC.js:13
wl @ vendors-DwcbDYjC.js:13
Cl @ vendors-DwcbDYjC.js:13
wl @ vendors-DwcbDYjC.js:13
Cl @ vendors-DwcbDYjC.js:13
wl @ vendors-DwcbDYjC.js:13
Cl @ vendors-DwcbDYjC.js:13
wl @ vendors-DwcbDYjC.js:13
Cl @ vendors-DwcbDYjC.js:13
wl @ vendors-DwcbDYjC.js:13
Cl @ vendors-DwcbDYjC.js:13
wl @ vendors-DwcbDYjC.js:13
Cl @ vendors-DwcbDYjC.js:13
wl @ vendors-DwcbDYjC.js:13
Cl @ vendors-DwcbDYjC.js:13
wl @ vendors-DwcbDYjC.js:13
Cl @ vendors-DwcbDYjC.js:13
wl @ vendors-DwcbDYjC.js:13
Cl @ vendors-DwcbDYjC.js:13
wl @ vendors-DwcbDYjC.js:13
Cl @ vendors-DwcbDYjC.js:13
wl @ vendors-DwcbDYjC.js:13
Cl @ vendors-DwcbDYjC.js:13
wl @ vendors-DwcbDYjC.js:13
Cl @ vendors-DwcbDYjC.js:13
wl @ vendors-DwcbDYjC.js:13
Cl @ vendors-DwcbDYjC.js:13
wl @ vendors-DwcbDYjC.js:13
Cl @ vendors-DwcbDYjC.js:13
wl @ vendors-DwcbDYjC.js:13
Cl @ vendors-DwcbDYjC.js:13
wl @ vendors-DwcbDYjC.js:13
Cl @ vendors-DwcbDYjC.js:13
wl @ vendors-DwcbDYjC.js:13
Cl @ vendors-DwcbDYjC.js:13
wl @ vendors-DwcbDYjC.js:13
Cl @ vendors-DwcbDYjC.js:13
wl @ vendors-DwcbDYjC.js:13
Cl @ vendors-DwcbDYjC.js:13
wl @ vendors-DwcbDYjC.js:13
Cl @ vendors-DwcbDYjC.js:13
wl @ vendors-DwcbDYjC.js:13
Cl @ vendors-DwcbDYjC.js:13
wl @ vendors-DwcbDYjC.js:13
Cl @ vendors-DwcbDYjC.js:13
wl @ vendors-DwcbDYjC.js:13
Cl @ vendors-DwcbDYjC.js:13
wl @ vendors-DwcbDYjC.js:13
Cl @ vendors-DwcbDYjC.js:13
wl @ vendors-DwcbDYjC.js:13
Cl @ vendors-DwcbDYjC.js:13
wl @ vendors-DwcbDYjC.js:13
Cl @ vendors-DwcbDYjC.js:13
wl @ vendors-DwcbDYjC.js:13
Cl @ vendors-DwcbDYjC.js:13
wl @ vendors-DwcbDYjC.js:13
Cl @ vendors-DwcbDYjC.js:13
wl @ vendors-DwcbDYjC.js:13
Cl @ vendors-DwcbDYjC.js:13
wl @ vendors-DwcbDYjC.js:13
Cl @ vendors-DwcbDYjC.js:13
wl @ vendors-DwcbDYjC.js:13
Cl @ vendors-DwcbDYjC.js:13
wl @ vendors-DwcbDYjC.js:13
Cl @ vendors-DwcbDYjC.js:13
wl @ vendors-DwcbDYjC.js:13
Cl @ vendors-DwcbDYjC.js:13
wl @ vendors-DwcbDYjC.js:13
Cl @ vendors-DwcbDYjC.js:13
wl @ vendors-DwcbDYjC.js:13
Cl @ vendors-DwcbDYjC.js:13
wl @ vendors-DwcbDYjC.js:13
Cl @ vendors-DwcbDYjC.js:13
wl @ vendors-DwcbDYjC.js:13
Cl @ vendors-DwcbDYjC.js:13
wl @ vendors-DwcbDYjC.js:13
Cl @ vendors-DwcbDYjC.js:13
wl @ vendors-DwcbDYjC.js:13
Cl @ vendors-DwcbDYjC.js:13
wl @ vendors-DwcbDYjC.js:13
Cl @ vendors-DwcbDYjC.js:13
wl @ vendors-DwcbDYjC.js:13
Cl @ vendors-DwcbDYjC.js:13
wl @ vendors-DwcbDYjC.js:13
Cl @ vendors-DwcbDYjC.js:13
wl @ vendors-DwcbDYjC.js:13
Cl @ vendors-DwcbDYjC.js:13
wl @ vendors-DwcbDYjC.js:13
Cl @ vendors-DwcbDYjC.js:13
wl @ vendors-DwcbDYjC.js:13
Cl @ vendors-DwcbDYjC.js:13
wl @ vendors-DwcbDYjC.js:13
Cl @ vendors-DwcbDYjC.js:13
wl @ vendors-DwcbDYjC.js:13
Cl @ vendors-DwcbDYjC.js:13
wl @ vendors-DwcbDYjC.js:13
Cl @ vendors-DwcbDYjC.js:13
wl @ vendors-DwcbDYjC.js:13
Cl @ vendors-DwcbDYjC.js:13
wl @ vendors-DwcbDYjC.js:13
Cl @ vendors-DwcbDYjC.js:13
wl @ vendors-DwcbDYjC.js:13
Cl @ vendors-DwcbDYjC.js:13
wl @ vendors-DwcbDYjC.js:13
Cl @ vendors-DwcbDYjC.js:13
wl @ vendors-DwcbDYjC.js:13
Cl @ vendors-DwcbDYjC.js:13
wl @ vendors-DwcbDYjC.js:13
Cl @ vendors-DwcbDYjC.js:13
wl @ vendors-DwcbDYjC.js:13
Cl @ vendors-DwcbDYjC.js:13
wl @ vendors-DwcbDYjC.js:13
Cl @ vendors-DwcbDYjC.js:13
postMessage
re @ vendors-DwcbDYjC.js:6
w @ vendors-DwcbDYjC.js:6
postMessage
re @ vendors-DwcbDYjC.js:6
e.unstable_scheduleCallback @ vendors-DwcbDYjC.js:6
ad @ vendors-DwcbDYjC.js:13
id @ vendors-DwcbDYjC.js:13
(anonymous) @ vendors-DwcbDYjC.js:13
shared-B_vq3eAE.js:7 [CM:health] perplexity: success=20% assistant=20%
shared-B_vq3eAE.js:7 [CM:health] ALERT: perplexity capture rate dropped to 20% — selectors may be broken
checkHealth @ shared-B_vq3eAE.js:7
record @ shared-B_vq3eAE.js:7
await in record
runCapturePipeline @ shared-B_vq3eAE.js:9
scrapeMessages @ perplexity-C6cLIoV2.js:5
_0x28dda8 @ shared-B_vq3eAE.js:9
setTimeout
startSessionCapture @ shared-B_vq3eAE.js:9
(anonymous) @ perplexity-C6cLIoV2.js:5
shared-B_vq3eAE.js:9 [ContextMover] Capture triggered for perplexity (DOM fallback)
perplexity-C6cLIoV2.js:5 [ContextMover:perplexity] A data-message-role: 0
perplexity-C6cLIoV2.js:5 [ContextMover:perplexity] B class-substr: user=5 asst=6
perplexity-C6cLIoV2.js:5 [ContextMover:perplexity] empty content for role=assistant
scrapeMessages @ perplexity-C6cLIoV2.js:5
runCapturePipeline @ shared-B_vq3eAE.js:9
scrapeMessages @ perplexity-C6cLIoV2.js:5
_0x28dda8 @ shared-B_vq3eAE.js:9
setTimeout
XUUar @ shared-B_vq3eAE.js:9
startSessionCapture @ shared-B_vq3eAE.js:9
(anonymous) @ perplexity-C6cLIoV2.js:5
perplexity-C6cLIoV2.js:5 [CM:capture] perplexity {total: 10, user: 5, assistant: 5, preview: Array(10)}
shared-B_vq3eAE.js:3 [CM:validate] perplexity: {valid: true, errors: Array(0), warnings: Array(0), stats: {…}}
shared-B_vq3eAE.js:3 [CM:validate] perplexity: {valid: true, errors: Array(0), warnings: Array(0), stats: {…}}
shared-B_vq3eAE.js:9 [ContextMover] perplexity: capture already in flight, skipping
faviconV2?client=SOCIAL&type=FAVICON&fallback_opts=TYPE,SIZE,URL&url=http://ssd-api.jpl.nasa.gov&si…:1  GET https://t3.gstatic.com/faviconV2?client=SOCIAL&type=FAVICON&fallback_opts=TYPE,SIZE,URL&url=http://ssd-api.jpl.nasa.gov&size=128 404 (Not Found)
faviconV2?client=SOCIAL&type=FAVICON&fallback_opts=TYPE,SIZE,URL&url=http://ssd.jpl.nasa.gov&size=1…:1  GET https://t2.gstatic.com/faviconV2?client=SOCIAL&type=FAVICON&fallback_opts=TYPE,SIZE,URL&url=http://ssd.jpl.nasa.gov&size=128 404 (Not Found)
shared-B_vq3eAE.js:9 [ContextMover] perplexity: resolved sessionId=perplexity-0bb8f6bdbd
shared-B_vq3eAE.js:9 [ContextMover] Sending CAPTURE_SESSION for session: perplexity-0bb8f6bdbd
shared-B_vq3eAE.js:9 [ContextMover] Capture triggered for perplexity (DOM fallback)
perplexity-C6cLIoV2.js:5 [ContextMover:perplexity] A data-message-role: 0
perplexity-C6cLIoV2.js:5 [ContextMover:perplexity] B class-substr: user=5 asst=6
perplexity-C6cLIoV2.js:5 [ContextMover:perplexity] empty content for role=assistant
scrapeMessages @ perplexity-C6cLIoV2.js:5
runCapturePipeline @ shared-B_vq3eAE.js:9
scrapeMessages @ perplexity-C6cLIoV2.js:5
_0x28dda8 @ shared-B_vq3eAE.js:9
setTimeout
startSessionCapture @ shared-B_vq3eAE.js:9
(anonymous) @ perplexity-C6cLIoV2.js:5
perplexity-C6cLIoV2.js:5 [CM:capture] perplexity {total: 10, user: 5, assistant: 5, preview: Array(10)}
shared-B_vq3eAE.js:3 [CM:validate] perplexity: {valid: true, errors: Array(0), warnings: Array(0), stats: {…}}
shared-B_vq3eAE.js:3 [CM:validate] perplexity: {valid: true, errors: Array(0), warnings: Array(0), stats: {…}}
shared-B_vq3eAE.js:9 [ContextMover] Snapshot hash unchanged, skipping
faviconV2?client=SOCIAL&type=FAVICON&fallback_opts=TYPE,SIZE,URL&url=http://docs.sunpy.org&size=128:1  GET https://t3.gstatic.com/faviconV2?client=SOCIAL&type=FAVICON&fallback_opts=TYPE,SIZE,URL&url=http://docs.sunpy.org&size=128 404 (Not Found)
shared-B_vq3eAE.js:7 [CM:health] perplexity: success=30% assistant=30%
shared-B_vq3eAE.js:7 [CM:health] ALERT: perplexity capture rate dropped to 30% — selectors may be broken
checkHealth @ shared-B_vq3eAE.js:7
record @ shared-B_vq3eAE.js:7
await in record
runCapturePipeline @ shared-B_vq3eAE.js:9
scrapeMessages @ perplexity-C6cLIoV2.js:5
_0x28dda8 @ shared-B_vq3eAE.js:9
setTimeout
XUUar @ shared-B_vq3eAE.js:9
startSessionCapture @ shared-B_vq3eAE.js:9
(anonymous) @ perplexity-C6cLIoV2.js:5
shared-B_vq3eAE.js:7 [CM:health] perplexity: success=40% assistant=40%
shared-B_vq3eAE.js:7 [CM:health] ALERT: perplexity capture rate dropped to 40% — selectors may be broken
checkHealth @ shared-B_vq3eAE.js:7
record @ shared-B_vq3eAE.js:7
await in record
runCapturePipeline @ shared-B_vq3eAE.js:9
scrapeMessages @ perplexity-C6cLIoV2.js:5
_0x28dda8 @ shared-B_vq3eAE.js:9
setTimeout
startSessionCapture @ shared-B_vq3eAE.js:9
(anonymous) @ perplexity-C6cLIoV2.js:5
shared-B_vq3eAE.js:9 [ContextMover] Capture triggered for perplexity (DOM fallback)
perplexity-C6cLIoV2.js:5 [ContextMover:perplexity] A data-message-role: 0
perplexity-C6cLIoV2.js:5 [ContextMover:perplexity] B class-substr: user=5 asst=6
vendors-DwcbDYjC.js:13 [ContextMover:perplexity] empty content for role=assistant
scrapeMessages @ perplexity-C6cLIoV2.js:5
runCapturePipeline @ shared-B_vq3eAE.js:9
scrapeMessages @ perplexity-C6cLIoV2.js:5
_0x28dda8 @ shared-B_vq3eAE.js:9
setTimeout
_0x16a6a0 @ shared-B_vq3eAE.js:9
childList
cl @ vendors-DwcbDYjC.js:13
sl @ vendors-DwcbDYjC.js:13
cl @ vendors-DwcbDYjC.js:13
sl @ vendors-DwcbDYjC.js:13
cl @ vendors-DwcbDYjC.js:13
sl @ vendors-DwcbDYjC.js:13
cl @ vendors-DwcbDYjC.js:13
sl @ vendors-DwcbDYjC.js:13
cl @ vendors-DwcbDYjC.js:13
pl @ vendors-DwcbDYjC.js:13
hl @ vendors-DwcbDYjC.js:13
pl @ vendors-DwcbDYjC.js:13
hl @ vendors-DwcbDYjC.js:13
pl @ vendors-DwcbDYjC.js:13
hl @ vendors-DwcbDYjC.js:13
pl @ vendors-DwcbDYjC.js:13
hl @ vendors-DwcbDYjC.js:13
pl @ vendors-DwcbDYjC.js:13
hl @ vendors-DwcbDYjC.js:13
pl @ vendors-DwcbDYjC.js:13
hl @ vendors-DwcbDYjC.js:13
pl @ vendors-DwcbDYjC.js:13
hl @ vendors-DwcbDYjC.js:13
pl @ vendors-DwcbDYjC.js:13
hl @ vendors-DwcbDYjC.js:13
pl @ vendors-DwcbDYjC.js:13
hl @ vendors-DwcbDYjC.js:13
pl @ vendors-DwcbDYjC.js:13
hl @ vendors-DwcbDYjC.js:13
pl @ vendors-DwcbDYjC.js:13
hl @ vendors-DwcbDYjC.js:13
pl @ vendors-DwcbDYjC.js:13
hl @ vendors-DwcbDYjC.js:13
pl @ vendors-DwcbDYjC.js:13
hl @ vendors-DwcbDYjC.js:13
pl @ vendors-DwcbDYjC.js:13
hl @ vendors-DwcbDYjC.js:13
pl @ vendors-DwcbDYjC.js:13
hl @ vendors-DwcbDYjC.js:13
pl @ vendors-DwcbDYjC.js:13
hl @ vendors-DwcbDYjC.js:13
pl @ vendors-DwcbDYjC.js:13
hl @ vendors-DwcbDYjC.js:13
pl @ vendors-DwcbDYjC.js:13
hl @ vendors-DwcbDYjC.js:13
pl @ vendors-DwcbDYjC.js:13
hl @ vendors-DwcbDYjC.js:13
pl @ vendors-DwcbDYjC.js:13
hl @ vendors-DwcbDYjC.js:13
pl @ vendors-DwcbDYjC.js:13
hl @ vendors-DwcbDYjC.js:13
pl @ vendors-DwcbDYjC.js:13
hl @ vendors-DwcbDYjC.js:13
pl @ vendors-DwcbDYjC.js:13
hl @ vendors-DwcbDYjC.js:13
pl @ vendors-DwcbDYjC.js:13
hl @ vendors-DwcbDYjC.js:13
pl @ vendors-DwcbDYjC.js:13
hl @ vendors-DwcbDYjC.js:13
pl @ vendors-DwcbDYjC.js:13
hl @ vendors-DwcbDYjC.js:13
pl @ vendors-DwcbDYjC.js:13
hl @ vendors-DwcbDYjC.js:13
pl @ vendors-DwcbDYjC.js:13
hl @ vendors-DwcbDYjC.js:13
pl @ vendors-DwcbDYjC.js:13
hl @ vendors-DwcbDYjC.js:13
pl @ vendors-DwcbDYjC.js:13
hl @ vendors-DwcbDYjC.js:13
pl @ vendors-DwcbDYjC.js:13
hl @ vendors-DwcbDYjC.js:13
pl @ vendors-DwcbDYjC.js:13
hl @ vendors-DwcbDYjC.js:13
pl @ vendors-DwcbDYjC.js:13
hl @ vendors-DwcbDYjC.js:13
pl @ vendors-DwcbDYjC.js:13
hl @ vendors-DwcbDYjC.js:13
pl @ vendors-DwcbDYjC.js:13
hl @ vendors-DwcbDYjC.js:13
pl @ vendors-DwcbDYjC.js:13
hl @ vendors-DwcbDYjC.js:13
pl @ vendors-DwcbDYjC.js:13
hl @ vendors-DwcbDYjC.js:13
pl @ vendors-DwcbDYjC.js:13
hl @ vendors-DwcbDYjC.js:13
pl @ vendors-DwcbDYjC.js:13
hl @ vendors-DwcbDYjC.js:13
pl @ vendors-DwcbDYjC.js:13
hl @ vendors-DwcbDYjC.js:13
pl @ vendors-DwcbDYjC.js:13
hl @ vendors-DwcbDYjC.js:13
pl @ vendors-DwcbDYjC.js:13
hl @ vendors-DwcbDYjC.js:13
pl @ vendors-DwcbDYjC.js:13
hl @ vendors-DwcbDYjC.js:13
pl @ vendors-DwcbDYjC.js:13
hl @ vendors-DwcbDYjC.js:13
pl @ vendors-DwcbDYjC.js:13
hl @ vendors-DwcbDYjC.js:13
pl @ vendors-DwcbDYjC.js:13
hl @ vendors-DwcbDYjC.js:13
pl @ vendors-DwcbDYjC.js:13
hl @ vendors-DwcbDYjC.js:13
pl @ vendors-DwcbDYjC.js:13
hl @ vendors-DwcbDYjC.js:13
pl @ vendors-DwcbDYjC.js:13
hl @ vendors-DwcbDYjC.js:13
pl @ vendors-DwcbDYjC.js:13
hl @ vendors-DwcbDYjC.js:13
pl @ vendors-DwcbDYjC.js:13
hl @ vendors-DwcbDYjC.js:13
pl @ vendors-DwcbDYjC.js:13
hl @ vendors-DwcbDYjC.js:13
pl @ vendors-DwcbDYjC.js:13
hl @ vendors-DwcbDYjC.js:13
pl @ vendors-DwcbDYjC.js:13
hl @ vendors-DwcbDYjC.js:13
pl @ vendors-DwcbDYjC.js:13
hl @ vendors-DwcbDYjC.js:13
pl @ vendors-DwcbDYjC.js:13
hl @ vendors-DwcbDYjC.js:13
pl @ vendors-DwcbDYjC.js:13
hl @ vendors-DwcbDYjC.js:13
pl @ vendors-DwcbDYjC.js:13
hl @ vendors-DwcbDYjC.js:13
pl @ vendors-DwcbDYjC.js:13
hl @ vendors-DwcbDYjC.js:13
pl @ vendors-DwcbDYjC.js:13
hl @ vendors-DwcbDYjC.js:13
pl @ vendors-DwcbDYjC.js:13
hl @ vendors-DwcbDYjC.js:13
pl @ vendors-DwcbDYjC.js:13
hl @ vendors-DwcbDYjC.js:13
pl @ vendors-DwcbDYjC.js:13
hl @ vendors-DwcbDYjC.js:13
pl @ vendors-DwcbDYjC.js:13
hl @ vendors-DwcbDYjC.js:13
pl @ vendors-DwcbDYjC.js:13
hl @ vendors-DwcbDYjC.js:13
pl @ vendors-DwcbDYjC.js:13
hl @ vendors-DwcbDYjC.js:13
pl @ vendors-DwcbDYjC.js:13
hl @ vendors-DwcbDYjC.js:13
pl @ vendors-DwcbDYjC.js:13
hl @ vendors-DwcbDYjC.js:13
pl @ vendors-DwcbDYjC.js:13
hl @ vendors-DwcbDYjC.js:13
pl @ vendors-DwcbDYjC.js:13
hl @ vendors-DwcbDYjC.js:13
pl @ vendors-DwcbDYjC.js:13
hl @ vendors-DwcbDYjC.js:13
pl @ vendors-DwcbDYjC.js:13
hl @ vendors-DwcbDYjC.js:13
pl @ vendors-DwcbDYjC.js:13
hl @ vendors-DwcbDYjC.js:13
pl @ vendors-DwcbDYjC.js:13
hl @ vendors-DwcbDYjC.js:13
pl @ vendors-DwcbDYjC.js:13
hl @ vendors-DwcbDYjC.js:13
pl @ vendors-DwcbDYjC.js:13
hl @ vendors-DwcbDYjC.js:13
pl @ vendors-DwcbDYjC.js:13
hl @ vendors-DwcbDYjC.js:13
pl @ vendors-DwcbDYjC.js:13
hl @ vendors-DwcbDYjC.js:13
pl @ vendors-DwcbDYjC.js:13
hl @ vendors-DwcbDYjC.js:13
pl @ vendors-DwcbDYjC.js:13
hl @ vendors-DwcbDYjC.js:13
pl @ vendors-DwcbDYjC.js:13
hl @ vendors-DwcbDYjC.js:13
pl @ vendors-DwcbDYjC.js:13
hl @ vendors-DwcbDYjC.js:13
pl @ vendors-DwcbDYjC.js:13
hl @ vendors-DwcbDYjC.js:13
pl @ vendors-DwcbDYjC.js:13
hl @ vendors-DwcbDYjC.js:13
pl @ vendors-DwcbDYjC.js:13
hl @ vendors-DwcbDYjC.js:13
pl @ vendors-DwcbDYjC.js:13
hl @ vendors-DwcbDYjC.js:13
pl @ vendors-DwcbDYjC.js:13
hl @ vendors-DwcbDYjC.js:13
pl @ vendors-DwcbDYjC.js:13
hl @ vendors-DwcbDYjC.js:13
pl @ vendors-DwcbDYjC.js:13
hl @ vendors-DwcbDYjC.js:13
pl @ vendors-DwcbDYjC.js:13
hl @ vendors-DwcbDYjC.js:13
pl @ vendors-DwcbDYjC.js:13
hl @ vendors-DwcbDYjC.js:13
pl @ vendors-DwcbDYjC.js:13
hl @ vendors-DwcbDYjC.js:13
pl @ vendors-DwcbDYjC.js:13
hl @ vendors-DwcbDYjC.js:13
pl @ vendors-DwcbDYjC.js:13
hl @ vendors-DwcbDYjC.js:13
pl @ vendors-DwcbDYjC.js:13
hl @ vendors-DwcbDYjC.js:13
pl @ vendors-DwcbDYjC.js:13
postMessage
re @ vendors-DwcbDYjC.js:6
e.unstable_scheduleCallback @ vendors-DwcbDYjC.js:6
ad @ vendors-DwcbDYjC.js:13
id @ vendors-DwcbDYjC.js:13
(anonymous) @ vendors-DwcbDYjC.js:13
requestAnimationFrame
h @ framer-motion-CuSojzXL.js:1
requestAnimationFrame
h @ framer-motion-CuSojzXL.js:1
requestAnimationFrame
h @ framer-motion-CuSojzXL.js:1
requestAnimationFrame
h @ framer-motion-CuSojzXL.js:1
requestAnimationFrame
h @ framer-motion-CuSojzXL.js:1
requestAnimationFrame
h @ framer-motion-CuSojzXL.js:1
requestAnimationFrame
h @ framer-motion-CuSojzXL.js:1
requestAnimationFrame
h @ framer-motion-CuSojzXL.js:1
requestAnimationFrame
h @ framer-motion-CuSojzXL.js:1
requestAnimationFrame
h @ framer-motion-CuSojzXL.js:1
requestAnimationFrame
h @ framer-motion-CuSojzXL.js:1
requestAnimationFrame
h @ framer-motion-CuSojzXL.js:1
requestAnimationFrame
_ @ framer-motion-CuSojzXL.js:1
e.<computed> @ framer-motion-CuSojzXL.js:1
getSnapshotBeforeUpdate @ framer-motion-CuSojzXL.js:9
nl @ vendors-DwcbDYjC.js:13
Fu @ vendors-DwcbDYjC.js:13
hu @ vendors-DwcbDYjC.js:13
mu @ vendors-DwcbDYjC.js:13
od @ vendors-DwcbDYjC.js:13
w @ vendors-DwcbDYjC.js:6
postMessage
re @ vendors-DwcbDYjC.js:6
e.unstable_scheduleCallback @ vendors-DwcbDYjC.js:6
ad @ vendors-DwcbDYjC.js:13
id @ vendors-DwcbDYjC.js:13
(anonymous) @ vendors-DwcbDYjC.js:13
setTimeout
m @ vendors-DwcbDYjC.js:6
x @ vendors-DwcbDYjC.js:6
perplexity-C6cLIoV2.js:5 [CM:capture] perplexity {total: 10, user: 5, assistant: 5, preview: Array(10)}
shared-B_vq3eAE.js:3 [CM:validate] perplexity: {valid: true, errors: Array(0), warnings: Array(0), stats: {…}}
shared-B_vq3eAE.js:3 [CM:validate] perplexity: {valid: true, errors: Array(0), warnings: Array(0), stats: {…}}
shared-B_vq3eAE.js:9 [ContextMover] Snapshot hash unchanged, skipping
shared-B_vq3eAE.js:7 [CM:health] perplexity: success=50% assistant=50%
vendors-DwcbDYjC.js:13 [CM:health] ALERT: perplexity capture rate dropped to 50% — selectors may be broken
checkHealth @ shared-B_vq3eAE.js:7
record @ shared-B_vq3eAE.js:7
await in record
runCapturePipeline @ shared-B_vq3eAE.js:9
scrapeMessages @ perplexity-C6cLIoV2.js:5
_0x28dda8 @ shared-B_vq3eAE.js:9
setTimeout
_0x16a6a0 @ shared-B_vq3eAE.js:9
childList
cl @ vendors-DwcbDYjC.js:13
sl @ vendors-DwcbDYjC.js:13
cl @ vendors-DwcbDYjC.js:13
sl @ vendors-DwcbDYjC.js:13
cl @ vendors-DwcbDYjC.js:13
sl @ vendors-DwcbDYjC.js:13
cl @ vendors-DwcbDYjC.js:13
sl @ vendors-DwcbDYjC.js:13
cl @ vendors-DwcbDYjC.js:13
pl @ vendors-DwcbDYjC.js:13
hl @ vendors-DwcbDYjC.js:13
pl @ vendors-DwcbDYjC.js:13
hl @ vendors-DwcbDYjC.js:13
pl @ vendors-DwcbDYjC.js:13
hl @ vendors-DwcbDYjC.js:13
pl @ vendors-DwcbDYjC.js:13
hl @ vendors-DwcbDYjC.js:13
pl @ vendors-DwcbDYjC.js:13
hl @ vendors-DwcbDYjC.js:13
pl @ vendors-DwcbDYjC.js:13
hl @ vendors-DwcbDYjC.js:13
pl @ vendors-DwcbDYjC.js:13
hl @ vendors-DwcbDYjC.js:13
pl @ vendors-DwcbDYjC.js:13
hl @ vendors-DwcbDYjC.js:13
pl @ vendors-DwcbDYjC.js:13
hl @ vendors-DwcbDYjC.js:13
pl @ vendors-DwcbDYjC.js:13
hl @ vendors-DwcbDYjC.js:13
pl @ vendors-DwcbDYjC.js:13
hl @ vendors-DwcbDYjC.js:13
pl @ vendors-DwcbDYjC.js:13
hl @ vendors-DwcbDYjC.js:13
pl @ vendors-DwcbDYjC.js:13
hl @ vendors-DwcbDYjC.js:13
pl @ vendors-DwcbDYjC.js:13
hl @ vendors-DwcbDYjC.js:13
pl @ vendors-DwcbDYjC.js:13
hl @ vendors-DwcbDYjC.js:13
pl @ vendors-DwcbDYjC.js:13
hl @ vendors-DwcbDYjC.js:13
pl @ vendors-DwcbDYjC.js:13
hl @ vendors-DwcbDYjC.js:13
pl @ vendors-DwcbDYjC.js:13
hl @ vendors-DwcbDYjC.js:13
pl @ vendors-DwcbDYjC.js:13
hl @ vendors-DwcbDYjC.js:13
pl @ vendors-DwcbDYjC.js:13
hl @ vendors-DwcbDYjC.js:13
pl @ vendors-DwcbDYjC.js:13
hl @ vendors-DwcbDYjC.js:13
pl @ vendors-DwcbDYjC.js:13
hl @ vendors-DwcbDYjC.js:13
pl @ vendors-DwcbDYjC.js:13
hl @ vendors-DwcbDYjC.js:13
pl @ vendors-DwcbDYjC.js:13
hl @ vendors-DwcbDYjC.js:13
pl @ vendors-DwcbDYjC.js:13
hl @ vendors-DwcbDYjC.js:13
pl @ vendors-DwcbDYjC.js:13
hl @ vendors-DwcbDYjC.js:13
pl @ vendors-DwcbDYjC.js:13
hl @ vendors-DwcbDYjC.js:13
pl @ vendors-DwcbDYjC.js:13
hl @ vendors-DwcbDYjC.js:13
pl @ vendors-DwcbDYjC.js:13
hl @ vendors-DwcbDYjC.js:13
pl @ vendors-DwcbDYjC.js:13
hl @ vendors-DwcbDYjC.js:13
pl @ vendors-DwcbDYjC.js:13
hl @ vendors-DwcbDYjC.js:13
pl @ vendors-DwcbDYjC.js:13
hl @ vendors-DwcbDYjC.js:13
pl @ vendors-DwcbDYjC.js:13
hl @ vendors-DwcbDYjC.js:13
pl @ vendors-DwcbDYjC.js:13
hl @ vendors-DwcbDYjC.js:13
pl @ vendors-DwcbDYjC.js:13
hl @ vendors-DwcbDYjC.js:13
pl @ vendors-DwcbDYjC.js:13
hl @ vendors-DwcbDYjC.js:13
pl @ vendors-DwcbDYjC.js:13
hl @ vendors-DwcbDYjC.js:13
pl @ vendors-DwcbDYjC.js:13
hl @ vendors-DwcbDYjC.js:13
pl @ vendors-DwcbDYjC.js:13
hl @ vendors-DwcbDYjC.js:13
pl @ vendors-DwcbDYjC.js:13
hl @ vendors-DwcbDYjC.js:13
pl @ vendors-DwcbDYjC.js:13
hl @ vendors-DwcbDYjC.js:13
pl @ vendors-DwcbDYjC.js:13
hl @ vendors-DwcbDYjC.js:13
pl @ vendors-DwcbDYjC.js:13
hl @ vendors-DwcbDYjC.js:13
pl @ vendors-DwcbDYjC.js:13
hl @ vendors-DwcbDYjC.js:13
pl @ vendors-DwcbDYjC.js:13
hl @ vendors-DwcbDYjC.js:13
pl @ vendors-DwcbDYjC.js:13
hl @ vendors-DwcbDYjC.js:13
pl @ vendors-DwcbDYjC.js:13
hl @ vendors-DwcbDYjC.js:13
pl @ vendors-DwcbDYjC.js:13
hl @ vendors-DwcbDYjC.js:13
pl @ vendors-DwcbDYjC.js:13
hl @ vendors-DwcbDYjC.js:13
pl @ vendors-DwcbDYjC.js:13
hl @ vendors-DwcbDYjC.js:13
pl @ vendors-DwcbDYjC.js:13
hl @ vendors-DwcbDYjC.js:13
pl @ vendors-DwcbDYjC.js:13
hl @ vendors-DwcbDYjC.js:13
pl @ vendors-DwcbDYjC.js:13
hl @ vendors-DwcbDYjC.js:13
pl @ vendors-DwcbDYjC.js:13
hl @ vendors-DwcbDYjC.js:13
pl @ vendors-DwcbDYjC.js:13
hl @ vendors-DwcbDYjC.js:13
pl @ vendors-DwcbDYjC.js:13
hl @ vendors-DwcbDYjC.js:13
pl @ vendors-DwcbDYjC.js:13
hl @ vendors-DwcbDYjC.js:13
pl @ vendors-DwcbDYjC.js:13
hl @ vendors-DwcbDYjC.js:13
pl @ vendors-DwcbDYjC.js:13
hl @ vendors-DwcbDYjC.js:13
pl @ vendors-DwcbDYjC.js:13
hl @ vendors-DwcbDYjC.js:13
pl @ vendors-DwcbDYjC.js:13
hl @ vendors-DwcbDYjC.js:13
pl @ vendors-DwcbDYjC.js:13
hl @ vendors-DwcbDYjC.js:13
pl @ vendors-DwcbDYjC.js:13
hl @ vendors-DwcbDYjC.js:13
pl @ vendors-DwcbDYjC.js:13
hl @ vendors-DwcbDYjC.js:13
pl @ vendors-DwcbDYjC.js:13
hl @ vendors-DwcbDYjC.js:13
pl @ vendors-DwcbDYjC.js:13
hl @ vendors-DwcbDYjC.js:13
pl @ vendors-DwcbDYjC.js:13
hl @ vendors-DwcbDYjC.js:13
pl @ vendors-DwcbDYjC.js:13
hl @ vendors-DwcbDYjC.js:13
pl @ vendors-DwcbDYjC.js:13
hl @ vendors-DwcbDYjC.js:13
pl @ vendors-DwcbDYjC.js:13
hl @ vendors-DwcbDYjC.js:13
pl @ vendors-DwcbDYjC.js:13
hl @ vendors-DwcbDYjC.js:13
pl @ vendors-DwcbDYjC.js:13
hl @ vendors-DwcbDYjC.js:13
pl @ vendors-DwcbDYjC.js:13
hl @ vendors-DwcbDYjC.js:13
pl @ vendors-DwcbDYjC.js:13
hl @ vendors-DwcbDYjC.js:13
pl @ vendors-DwcbDYjC.js:13
hl @ vendors-DwcbDYjC.js:13
pl @ vendors-DwcbDYjC.js:13
hl @ vendors-DwcbDYjC.js:13
pl @ vendors-DwcbDYjC.js:13
hl @ vendors-DwcbDYjC.js:13
pl @ vendors-DwcbDYjC.js:13
hl @ vendors-DwcbDYjC.js:13
pl @ vendors-DwcbDYjC.js:13
hl @ vendors-DwcbDYjC.js:13
pl @ vendors-DwcbDYjC.js:13
hl @ vendors-DwcbDYjC.js:13
pl @ vendors-DwcbDYjC.js:13
hl @ vendors-DwcbDYjC.js:13
pl @ vendors-DwcbDYjC.js:13
hl @ vendors-DwcbDYjC.js:13
pl @ vendors-DwcbDYjC.js:13
hl @ vendors-DwcbDYjC.js:13
pl @ vendors-DwcbDYjC.js:13
hl @ vendors-DwcbDYjC.js:13
pl @ vendors-DwcbDYjC.js:13
hl @ vendors-DwcbDYjC.js:13
pl @ vendors-DwcbDYjC.js:13
hl @ vendors-DwcbDYjC.js:13
pl @ vendors-DwcbDYjC.js:13
hl @ vendors-DwcbDYjC.js:13
pl @ vendors-DwcbDYjC.js:13
hl @ vendors-DwcbDYjC.js:13
pl @ vendors-DwcbDYjC.js:13
hl @ vendors-DwcbDYjC.js:13
pl @ vendors-DwcbDYjC.js:13
hl @ vendors-DwcbDYjC.js:13
pl @ vendors-DwcbDYjC.js:13
hl @ vendors-DwcbDYjC.js:13
pl @ vendors-DwcbDYjC.js:13
hl @ vendors-DwcbDYjC.js:13
pl @ vendors-DwcbDYjC.js:13
hl @ vendors-DwcbDYjC.js:13
pl @ vendors-DwcbDYjC.js:13
hl @ vendors-DwcbDYjC.js:13
pl @ vendors-DwcbDYjC.js:13
hl @ vendors-DwcbDYjC.js:13
pl @ vendors-DwcbDYjC.js:13
postMessage
re @ vendors-DwcbDYjC.js:6
e.unstable_scheduleCallback @ vendors-DwcbDYjC.js:6
ad @ vendors-DwcbDYjC.js:13
id @ vendors-DwcbDYjC.js:13
(anonymous) @ vendors-DwcbDYjC.js:13
requestAnimationFrame
h @ framer-motion-CuSojzXL.js:1
requestAnimationFrame
h @ framer-motion-CuSojzXL.js:1
requestAnimationFrame
h @ framer-motion-CuSojzXL.js:1
requestAnimationFrame
h @ framer-motion-CuSojzXL.js:1
requestAnimationFrame
h @ framer-motion-CuSojzXL.js:1
requestAnimationFrame
h @ framer-motion-CuSojzXL.js:1
requestAnimationFrame
h @ framer-motion-CuSojzXL.js:1
requestAnimationFrame
h @ framer-motion-CuSojzXL.js:1
requestAnimationFrame
h @ framer-motion-CuSojzXL.js:1
requestAnimationFrame
h @ framer-motion-CuSojzXL.js:1
requestAnimationFrame
h @ framer-motion-CuSojzXL.js:1
requestAnimationFrame
h @ framer-motion-CuSojzXL.js:1
requestAnimationFrame
_ @ framer-motion-CuSojzXL.js:1
e.<computed> @ framer-motion-CuSojzXL.js:1
getSnapshotBeforeUpdate @ framer-motion-CuSojzXL.js:9
nl @ vendors-DwcbDYjC.js:13
Fu @ vendors-DwcbDYjC.js:13
hu @ vendors-DwcbDYjC.js:13
mu @ vendors-DwcbDYjC.js:13
od @ vendors-DwcbDYjC.js:13
w @ vendors-DwcbDYjC.js:6
postMessage
re @ vendors-DwcbDYjC.js:6
e.unstable_scheduleCallback @ vendors-DwcbDYjC.js:6
ad @ vendors-DwcbDYjC.js:13
id @ vendors-DwcbDYjC.js:13
(anonymous) @ vendors-DwcbDYjC.js:13
setTimeout
m @ vendors-DwcbDYjC.js:6
x @ vendors-DwcbDYjC.js:6
shared-B_vq3eAE.js:9 [ContextMover] Capture triggered for perplexity (DOM fallback)
perplexity-C6cLIoV2.js:5 [ContextMover:perplexity] A data-message-role: 0
perplexity-C6cLIoV2.js:5 [ContextMover:perplexity] B class-substr: user=5 asst=6
perplexity-C6cLIoV2.js:5 [ContextMover:perplexity] empty content for role=assistant
scrapeMessages @ perplexity-C6cLIoV2.js:5
runCapturePipeline @ shared-B_vq3eAE.js:9
scrapeMessages @ perplexity-C6cLIoV2.js:5
_0x28dda8 @ shared-B_vq3eAE.js:9
setTimeout
_0x16a6a0 @ shared-B_vq3eAE.js:9
perplexity-C6cLIoV2.js:5 [CM:capture] perplexity {total: 10, user: 5, assistant: 5, preview: Array(10)}
shared-B_vq3eAE.js:3 [CM:validate] perplexity: {valid: true, errors: Array(0), warnings: Array(0), stats: {…}}
shared-B_vq3eAE.js:3 [CM:validate] perplexity: {valid: true, errors: Array(0), warnings: Array(0), stats: {…}}
shared-B_vq3eAE.js:9 [ContextMover] Snapshot hash unchanged, skipping
shared-B_vq3eAE.js:7 [CM:health] perplexity: success=60% assistant=60%
shared-B_vq3eAE.js:7 [CM:health] ALERT: perplexity capture rate dropped to 60% — selectors may be broken
checkHealth @ shared-B_vq3eAE.js:7
record @ shared-B_vq3eAE.js:7
await in record
runCapturePipeline @ shared-B_vq3eAE.js:9
scrapeMessages @ perplexity-C6cLIoV2.js:5
_0x28dda8 @ shared-B_vq3eAE.js:9
setTimeout
_0x16a6a0 @ shared-B_vq3eAE.js:9
shared-B_vq3eAE.js:9 [ContextMover] Capture triggered for perplexity (DOM fallback)
perplexity-C6cLIoV2.js:5 [ContextMover:perplexity] A data-message-role: 0
perplexity-C6cLIoV2.js:5 [ContextMover:perplexity] B class-substr: user=6 asst=7
vendors-DwcbDYjC.js:13 [ContextMover:perplexity] empty content for role=assistant
scrapeMessages @ perplexity-C6cLIoV2.js:5
runCapturePipeline @ shared-B_vq3eAE.js:9
scrapeMessages @ perplexity-C6cLIoV2.js:5
_0x28dda8 @ shared-B_vq3eAE.js:9
setTimeout
_0x16a6a0 @ shared-B_vq3eAE.js:9
childList
Yc @ vendors-DwcbDYjC.js:13
Yc @ vendors-DwcbDYjC.js:13
Yc @ vendors-DwcbDYjC.js:13
Yc @ vendors-DwcbDYjC.js:13
Yc @ vendors-DwcbDYjC.js:13
gl @ vendors-DwcbDYjC.js:13
hl @ vendors-DwcbDYjC.js:13
pl @ vendors-DwcbDYjC.js:13
hl @ vendors-DwcbDYjC.js:13
pl @ vendors-DwcbDYjC.js:13
hl @ vendors-DwcbDYjC.js:13
pl @ vendors-DwcbDYjC.js:13
hl @ vendors-DwcbDYjC.js:13
pl @ vendors-DwcbDYjC.js:13
hl @ vendors-DwcbDYjC.js:13
pl @ vendors-DwcbDYjC.js:13
hl @ vendors-DwcbDYjC.js:13
pl @ vendors-DwcbDYjC.js:13
hl @ vendors-DwcbDYjC.js:13
pl @ vendors-DwcbDYjC.js:13
hl @ vendors-DwcbDYjC.js:13
pl @ vendors-DwcbDYjC.js:13
hl @ vendors-DwcbDYjC.js:13
pl @ vendors-DwcbDYjC.js:13
hl @ vendors-DwcbDYjC.js:13
pl @ vendors-DwcbDYjC.js:13
hl @ vendors-DwcbDYjC.js:13
pl @ vendors-DwcbDYjC.js:13
hl @ vendors-DwcbDYjC.js:13
pl @ vendors-DwcbDYjC.js:13
hl @ vendors-DwcbDYjC.js:13
pl @ vendors-DwcbDYjC.js:13
hl @ vendors-DwcbDYjC.js:13
pl @ vendors-DwcbDYjC.js:13
hl @ vendors-DwcbDYjC.js:13
pl @ vendors-DwcbDYjC.js:13
hl @ vendors-DwcbDYjC.js:13
pl @ vendors-DwcbDYjC.js:13
hl @ vendors-DwcbDYjC.js:13
pl @ vendors-DwcbDYjC.js:13
hl @ vendors-DwcbDYjC.js:13
pl @ vendors-DwcbDYjC.js:13
hl @ vendors-DwcbDYjC.js:13
pl @ vendors-DwcbDYjC.js:13
hl @ vendors-DwcbDYjC.js:13
pl @ vendors-DwcbDYjC.js:13
hl @ vendors-DwcbDYjC.js:13
pl @ vendors-DwcbDYjC.js:13
hl @ vendors-DwcbDYjC.js:13
pl @ vendors-DwcbDYjC.js:13
hl @ vendors-DwcbDYjC.js:13
pl @ vendors-DwcbDYjC.js:13
hl @ vendors-DwcbDYjC.js:13
pl @ vendors-DwcbDYjC.js:13
hl @ vendors-DwcbDYjC.js:13
pl @ vendors-DwcbDYjC.js:13
hl @ vendors-DwcbDYjC.js:13
pl @ vendors-DwcbDYjC.js:13
hl @ vendors-DwcbDYjC.js:13
pl @ vendors-DwcbDYjC.js:13
hl @ vendors-DwcbDYjC.js:13
pl @ vendors-DwcbDYjC.js:13
hl @ vendors-DwcbDYjC.js:13
pl @ vendors-DwcbDYjC.js:13
hl @ vendors-DwcbDYjC.js:13
pl @ vendors-DwcbDYjC.js:13
hl @ vendors-DwcbDYjC.js:13
pl @ vendors-DwcbDYjC.js:13
hl @ vendors-DwcbDYjC.js:13
pl @ vendors-DwcbDYjC.js:13
hl @ vendors-DwcbDYjC.js:13
pl @ vendors-DwcbDYjC.js:13
hl @ vendors-DwcbDYjC.js:13
pl @ vendors-DwcbDYjC.js:13
hl @ vendors-DwcbDYjC.js:13
pl @ vendors-DwcbDYjC.js:13
hl @ vendors-DwcbDYjC.js:13
pl @ vendors-DwcbDYjC.js:13
hl @ vendors-DwcbDYjC.js:13
pl @ vendors-DwcbDYjC.js:13
hl @ vendors-DwcbDYjC.js:13
pl @ vendors-DwcbDYjC.js:13
hl @ vendors-DwcbDYjC.js:13
pl @ vendors-DwcbDYjC.js:13
hl @ vendors-DwcbDYjC.js:13
pl @ vendors-DwcbDYjC.js:13
hl @ vendors-DwcbDYjC.js:13
pl @ vendors-DwcbDYjC.js:13
hl @ vendors-DwcbDYjC.js:13
pl @ vendors-DwcbDYjC.js:13
hl @ vendors-DwcbDYjC.js:13
pl @ vendors-DwcbDYjC.js:13
hl @ vendors-DwcbDYjC.js:13
pl @ vendors-DwcbDYjC.js:13
hl @ vendors-DwcbDYjC.js:13
pl @ vendors-DwcbDYjC.js:13
hl @ vendors-DwcbDYjC.js:13
pl @ vendors-DwcbDYjC.js:13
hl @ vendors-DwcbDYjC.js:13
pl @ vendors-DwcbDYjC.js:13
hl @ vendors-DwcbDYjC.js:13
pl @ vendors-DwcbDYjC.js:13
hl @ vendors-DwcbDYjC.js:13
pl @ vendors-DwcbDYjC.js:13
hl @ vendors-DwcbDYjC.js:13
pl @ vendors-DwcbDYjC.js:13
hl @ vendors-DwcbDYjC.js:13
pl @ vendors-DwcbDYjC.js:13
hl @ vendors-DwcbDYjC.js:13
pl @ vendors-DwcbDYjC.js:13
hl @ vendors-DwcbDYjC.js:13
pl @ vendors-DwcbDYjC.js:13
hl @ vendors-DwcbDYjC.js:13
pl @ vendors-DwcbDYjC.js:13
hl @ vendors-DwcbDYjC.js:13
pl @ vendors-DwcbDYjC.js:13
hl @ vendors-DwcbDYjC.js:13
pl @ vendors-DwcbDYjC.js:13
hl @ vendors-DwcbDYjC.js:13
pl @ vendors-DwcbDYjC.js:13
hl @ vendors-DwcbDYjC.js:13
pl @ vendors-DwcbDYjC.js:13
hl @ vendors-DwcbDYjC.js:13
pl @ vendors-DwcbDYjC.js:13
hl @ vendors-DwcbDYjC.js:13
pl @ vendors-DwcbDYjC.js:13
hl @ vendors-DwcbDYjC.js:13
pl @ vendors-DwcbDYjC.js:13
hl @ vendors-DwcbDYjC.js:13
pl @ vendors-DwcbDYjC.js:13
hl @ vendors-DwcbDYjC.js:13
pl @ vendors-DwcbDYjC.js:13
hl @ vendors-DwcbDYjC.js:13
pl @ vendors-DwcbDYjC.js:13
hl @ vendors-DwcbDYjC.js:13
pl @ vendors-DwcbDYjC.js:13
hl @ vendors-DwcbDYjC.js:13
pl @ vendors-DwcbDYjC.js:13
hl @ vendors-DwcbDYjC.js:13
pl @ vendors-DwcbDYjC.js:13
hl @ vendors-DwcbDYjC.js:13
pl @ vendors-DwcbDYjC.js:13
hl @ vendors-DwcbDYjC.js:13
pl @ vendors-DwcbDYjC.js:13
hl @ vendors-DwcbDYjC.js:13
pl @ vendors-DwcbDYjC.js:13
hl @ vendors-DwcbDYjC.js:13
pl @ vendors-DwcbDYjC.js:13
hl @ vendors-DwcbDYjC.js:13
pl @ vendors-DwcbDYjC.js:13
hl @ vendors-DwcbDYjC.js:13
pl @ vendors-DwcbDYjC.js:13
hl @ vendors-DwcbDYjC.js:13
pl @ vendors-DwcbDYjC.js:13
hl @ vendors-DwcbDYjC.js:13
pl @ vendors-DwcbDYjC.js:13
hl @ vendors-DwcbDYjC.js:13
pl @ vendors-DwcbDYjC.js:13
hl @ vendors-DwcbDYjC.js:13
pl @ vendors-DwcbDYjC.js:13
hl @ vendors-DwcbDYjC.js:13
pl @ vendors-DwcbDYjC.js:13
hl @ vendors-DwcbDYjC.js:13
pl @ vendors-DwcbDYjC.js:13
hl @ vendors-DwcbDYjC.js:13
pl @ vendors-DwcbDYjC.js:13
hl @ vendors-DwcbDYjC.js:13
pl @ vendors-DwcbDYjC.js:13
hl @ vendors-DwcbDYjC.js:13
pl @ vendors-DwcbDYjC.js:13
hl @ vendors-DwcbDYjC.js:13
pl @ vendors-DwcbDYjC.js:13
hl @ vendors-DwcbDYjC.js:13
pl @ vendors-DwcbDYjC.js:13
hl @ vendors-DwcbDYjC.js:13
pl @ vendors-DwcbDYjC.js:13
hl @ vendors-DwcbDYjC.js:13
pl @ vendors-DwcbDYjC.js:13
hl @ vendors-DwcbDYjC.js:13
pl @ vendors-DwcbDYjC.js:13
hl @ vendors-DwcbDYjC.js:13
pl @ vendors-DwcbDYjC.js:13
hl @ vendors-DwcbDYjC.js:13
pl @ vendors-DwcbDYjC.js:13
hl @ vendors-DwcbDYjC.js:13
pl @ vendors-DwcbDYjC.js:13
hl @ vendors-DwcbDYjC.js:13
pl @ vendors-DwcbDYjC.js:13
hl @ vendors-DwcbDYjC.js:13
pl @ vendors-DwcbDYjC.js:13
hl @ vendors-DwcbDYjC.js:13
pl @ vendors-DwcbDYjC.js:13
hl @ vendors-DwcbDYjC.js:13
pl @ vendors-DwcbDYjC.js:13
hl @ vendors-DwcbDYjC.js:13
pl @ vendors-DwcbDYjC.js:13
hl @ vendors-DwcbDYjC.js:13
pl @ vendors-DwcbDYjC.js:13
hl @ vendors-DwcbDYjC.js:13
pl @ vendors-DwcbDYjC.js:13
postMessage
re @ vendors-DwcbDYjC.js:6
e.unstable_scheduleCallback @ vendors-DwcbDYjC.js:6
ad @ vendors-DwcbDYjC.js:13
id @ vendors-DwcbDYjC.js:13
(anonymous) @ vendors-DwcbDYjC.js:13
setTimeout
x @ vendors-DwcbDYjC.js:6
perplexity-C6cLIoV2.js:5 [CM:capture] perplexity {total: 12, user: 6, assistant: 6, preview: Array(12)}
shared-B_vq3eAE.js:3 [CM:validate] perplexity: {valid: true, errors: Array(0), warnings: Array(1), stats: {…}}
shared-B_vq3eAE.js:3 [CM:validate] perplexity: {valid: true, errors: Array(0), warnings: Array(1), stats: {…}}
shared-B_vq3eAE.js:9 [ContextMover] Sending CAPTURE_SESSION for session: perplexity-0bb8f6bdbd
shared-B_vq3eAE.js:7 [CM:health] perplexity: success=70% assistant=70%
vendors-DwcbDYjC.js:13 [CM:health] ALERT: perplexity capture rate dropped to 70% — selectors may be broken
checkHealth @ shared-B_vq3eAE.js:7
record @ shared-B_vq3eAE.js:7
await in record
runCapturePipeline @ shared-B_vq3eAE.js:9
scrapeMessages @ perplexity-C6cLIoV2.js:5
_0x28dda8 @ shared-B_vq3eAE.js:9
setTimeout
_0x16a6a0 @ shared-B_vq3eAE.js:9
childList
Yc @ vendors-DwcbDYjC.js:13
Yc @ vendors-DwcbDYjC.js:13
Yc @ vendors-DwcbDYjC.js:13
Yc @ vendors-DwcbDYjC.js:13
Yc @ vendors-DwcbDYjC.js:13
gl @ vendors-DwcbDYjC.js:13
hl @ vendors-DwcbDYjC.js:13
pl @ vendors-DwcbDYjC.js:13
hl @ vendors-DwcbDYjC.js:13
pl @ vendors-DwcbDYjC.js:13
hl @ vendors-DwcbDYjC.js:13
pl @ vendors-DwcbDYjC.js:13
hl @ vendors-DwcbDYjC.js:13
pl @ vendors-DwcbDYjC.js:13
hl @ vendors-DwcbDYjC.js:13
pl @ vendors-DwcbDYjC.js:13
hl @ vendors-DwcbDYjC.js:13
pl @ vendors-DwcbDYjC.js:13
hl @ vendors-DwcbDYjC.js:13
pl @ vendors-DwcbDYjC.js:13
hl @ vendors-DwcbDYjC.js:13
pl @ vendors-DwcbDYjC.js:13
hl @ vendors-DwcbDYjC.js:13
pl @ vendors-DwcbDYjC.js:13
hl @ vendors-DwcbDYjC.js:13
pl @ vendors-DwcbDYjC.js:13
hl @ vendors-DwcbDYjC.js:13
pl @ vendors-DwcbDYjC.js:13
hl @ vendors-DwcbDYjC.js:13
pl @ vendors-DwcbDYjC.js:13
hl @ vendors-DwcbDYjC.js:13
pl @ vendors-DwcbDYjC.js:13
hl @ vendors-DwcbDYjC.js:13
pl @ vendors-DwcbDYjC.js:13
hl @ vendors-DwcbDYjC.js:13
pl @ vendors-DwcbDYjC.js:13
hl @ vendors-DwcbDYjC.js:13
pl @ vendors-DwcbDYjC.js:13
hl @ vendors-DwcbDYjC.js:13
pl @ vendors-DwcbDYjC.js:13
hl @ vendors-DwcbDYjC.js:13
pl @ vendors-DwcbDYjC.js:13
hl @ vendors-DwcbDYjC.js:13
pl @ vendors-DwcbDYjC.js:13
hl @ vendors-DwcbDYjC.js:13
pl @ vendors-DwcbDYjC.js:13
hl @ vendors-DwcbDYjC.js:13
pl @ vendors-DwcbDYjC.js:13
hl @ vendors-DwcbDYjC.js:13
pl @ vendors-DwcbDYjC.js:13
hl @ vendors-DwcbDYjC.js:13
pl @ vendors-DwcbDYjC.js:13
hl @ vendors-DwcbDYjC.js:13
pl @ vendors-DwcbDYjC.js:13
hl @ vendors-DwcbDYjC.js:13
pl @ vendors-DwcbDYjC.js:13
hl @ vendors-DwcbDYjC.js:13
pl @ vendors-DwcbDYjC.js:13
hl @ vendors-DwcbDYjC.js:13
pl @ vendors-DwcbDYjC.js:13
hl @ vendors-DwcbDYjC.js:13
pl @ vendors-DwcbDYjC.js:13
hl @ vendors-DwcbDYjC.js:13
pl @ vendors-DwcbDYjC.js:13
hl @ vendors-DwcbDYjC.js:13
pl @ vendors-DwcbDYjC.js:13
hl @ vendors-DwcbDYjC.js:13
pl @ vendors-DwcbDYjC.js:13
hl @ vendors-DwcbDYjC.js:13
pl @ vendors-DwcbDYjC.js:13
hl @ vendors-DwcbDYjC.js:13
pl @ vendors-DwcbDYjC.js:13
hl @ vendors-DwcbDYjC.js:13
pl @ vendors-DwcbDYjC.js:13
hl @ vendors-DwcbDYjC.js:13
pl @ vendors-DwcbDYjC.js:13
hl @ vendors-DwcbDYjC.js:13
pl @ vendors-DwcbDYjC.js:13
hl @ vendors-DwcbDYjC.js:13
pl @ vendors-DwcbDYjC.js:13
hl @ vendors-DwcbDYjC.js:13
pl @ vendors-DwcbDYjC.js:13
hl @ vendors-DwcbDYjC.js:13
pl @ vendors-DwcbDYjC.js:13
hl @ vendors-DwcbDYjC.js:13
pl @ vendors-DwcbDYjC.js:13
hl @ vendors-DwcbDYjC.js:13
pl @ vendors-DwcbDYjC.js:13
hl @ vendors-DwcbDYjC.js:13
pl @ vendors-DwcbDYjC.js:13
hl @ vendors-DwcbDYjC.js:13
pl @ vendors-DwcbDYjC.js:13
hl @ vendors-DwcbDYjC.js:13
pl @ vendors-DwcbDYjC.js:13
hl @ vendors-DwcbDYjC.js:13
pl @ vendors-DwcbDYjC.js:13
hl @ vendors-DwcbDYjC.js:13
pl @ vendors-DwcbDYjC.js:13
hl @ vendors-DwcbDYjC.js:13
pl @ vendors-DwcbDYjC.js:13
hl @ vendors-DwcbDYjC.js:13
pl @ vendors-DwcbDYjC.js:13
hl @ vendors-DwcbDYjC.js:13
pl @ vendors-DwcbDYjC.js:13
hl @ vendors-DwcbDYjC.js:13
pl @ vendors-DwcbDYjC.js:13
hl @ vendors-DwcbDYjC.js:13
pl @ vendors-DwcbDYjC.js:13
hl @ vendors-DwcbDYjC.js:13
pl @ vendors-DwcbDYjC.js:13
hl @ vendors-DwcbDYjC.js:13
pl @ vendors-DwcbDYjC.js:13
hl @ vendors-DwcbDYjC.js:13
pl @ vendors-DwcbDYjC.js:13
hl @ vendors-DwcbDYjC.js:13
pl @ vendors-DwcbDYjC.js:13
hl @ vendors-DwcbDYjC.js:13
pl @ vendors-DwcbDYjC.js:13
hl @ vendors-DwcbDYjC.js:13
pl @ vendors-DwcbDYjC.js:13
hl @ vendors-DwcbDYjC.js:13
pl @ vendors-DwcbDYjC.js:13
hl @ vendors-DwcbDYjC.js:13
pl @ vendors-DwcbDYjC.js:13
hl @ vendors-DwcbDYjC.js:13
pl @ vendors-DwcbDYjC.js:13
hl @ vendors-DwcbDYjC.js:13
pl @ vendors-DwcbDYjC.js:13
hl @ vendors-DwcbDYjC.js:13
pl @ vendors-DwcbDYjC.js:13
hl @ vendors-DwcbDYjC.js:13
pl @ vendors-DwcbDYjC.js:13
hl @ vendors-DwcbDYjC.js:13
pl @ vendors-DwcbDYjC.js:13
hl @ vendors-DwcbDYjC.js:13
pl @ vendors-DwcbDYjC.js:13
hl @ vendors-DwcbDYjC.js:13
pl @ vendors-DwcbDYjC.js:13
hl @ vendors-DwcbDYjC.js:13
pl @ vendors-DwcbDYjC.js:13
hl @ vendors-DwcbDYjC.js:13
pl @ vendors-DwcbDYjC.js:13
hl @ vendors-DwcbDYjC.js:13
pl @ vendors-DwcbDYjC.js:13
hl @ vendors-DwcbDYjC.js:13
pl @ vendors-DwcbDYjC.js:13
hl @ vendors-DwcbDYjC.js:13
pl @ vendors-DwcbDYjC.js:13
hl @ vendors-DwcbDYjC.js:13
pl @ vendors-DwcbDYjC.js:13
hl @ vendors-DwcbDYjC.js:13
pl @ vendors-DwcbDYjC.js:13
hl @ vendors-DwcbDYjC.js:13
pl @ vendors-DwcbDYjC.js:13
hl @ vendors-DwcbDYjC.js:13
pl @ vendors-DwcbDYjC.js:13
hl @ vendors-DwcbDYjC.js:13
pl @ vendors-DwcbDYjC.js:13
hl @ vendors-DwcbDYjC.js:13
pl @ vendors-DwcbDYjC.js:13
hl @ vendors-DwcbDYjC.js:13
pl @ vendors-DwcbDYjC.js:13
hl @ vendors-DwcbDYjC.js:13
pl @ vendors-DwcbDYjC.js:13
hl @ vendors-DwcbDYjC.js:13
pl @ vendors-DwcbDYjC.js:13
hl @ vendors-DwcbDYjC.js:13
pl @ vendors-DwcbDYjC.js:13
hl @ vendors-DwcbDYjC.js:13
pl @ vendors-DwcbDYjC.js:13
hl @ vendors-DwcbDYjC.js:13
pl @ vendors-DwcbDYjC.js:13
hl @ vendors-DwcbDYjC.js:13
pl @ vendors-DwcbDYjC.js:13
hl @ vendors-DwcbDYjC.js:13
pl @ vendors-DwcbDYjC.js:13
hl @ vendors-DwcbDYjC.js:13
pl @ vendors-DwcbDYjC.js:13
hl @ vendors-DwcbDYjC.js:13
pl @ vendors-DwcbDYjC.js:13
hl @ vendors-DwcbDYjC.js:13
pl @ vendors-DwcbDYjC.js:13
hl @ vendors-DwcbDYjC.js:13
pl @ vendors-DwcbDYjC.js:13
hl @ vendors-DwcbDYjC.js:13
pl @ vendors-DwcbDYjC.js:13
hl @ vendors-DwcbDYjC.js:13
pl @ vendors-DwcbDYjC.js:13
hl @ vendors-DwcbDYjC.js:13
pl @ vendors-DwcbDYjC.js:13
hl @ vendors-DwcbDYjC.js:13
pl @ vendors-DwcbDYjC.js:13
hl @ vendors-DwcbDYjC.js:13
pl @ vendors-DwcbDYjC.js:13
hl @ vendors-DwcbDYjC.js:13
pl @ vendors-DwcbDYjC.js:13
hl @ vendors-DwcbDYjC.js:13
pl @ vendors-DwcbDYjC.js:13
hl @ vendors-DwcbDYjC.js:13
pl @ vendors-DwcbDYjC.js:13
postMessage
re @ vendors-DwcbDYjC.js:6
e.unstable_scheduleCallback @ vendors-DwcbDYjC.js:6
ad @ vendors-DwcbDYjC.js:13
id @ vendors-DwcbDYjC.js:13
(anonymous) @ vendors-DwcbDYjC.js:13
setTimeout
x @ vendors-DwcbDYjC.js:6
shared-B_vq3eAE.js:9 [ContextMover] Capture triggered for perplexity (DOM fallback)
perplexity-C6cLIoV2.js:5 [ContextMover:perplexity] A data-message-role: 0
perplexity-C6cLIoV2.js:5 [ContextMover:perplexity] B class-substr: user=6 asst=7
vendors-DwcbDYjC.js:13 [ContextMover:perplexity] empty content for role=assistant
scrapeMessages @ perplexity-C6cLIoV2.js:5
runCapturePipeline @ shared-B_vq3eAE.js:9
scrapeMessages @ perplexity-C6cLIoV2.js:5
_0x28dda8 @ shared-B_vq3eAE.js:9
setTimeout
_0x16a6a0 @ shared-B_vq3eAE.js:9
childList
cl @ vendors-DwcbDYjC.js:13
sl @ vendors-DwcbDYjC.js:13
cl @ vendors-DwcbDYjC.js:13
sl @ vendors-DwcbDYjC.js:13
cl @ vendors-DwcbDYjC.js:13
sl @ vendors-DwcbDYjC.js:13
cl @ vendors-DwcbDYjC.js:13
sl @ vendors-DwcbDYjC.js:13
cl @ vendors-DwcbDYjC.js:13
pl @ vendors-DwcbDYjC.js:13
hl @ vendors-DwcbDYjC.js:13
pl @ vendors-DwcbDYjC.js:13
hl @ vendors-DwcbDYjC.js:13
pl @ vendors-DwcbDYjC.js:13
hl @ vendors-DwcbDYjC.js:13
pl @ vendors-DwcbDYjC.js:13
hl @ vendors-DwcbDYjC.js:13
pl @ vendors-DwcbDYjC.js:13
hl @ vendors-DwcbDYjC.js:13
pl @ vendors-DwcbDYjC.js:13
hl @ vendors-DwcbDYjC.js:13
pl @ vendors-DwcbDYjC.js:13
hl @ vendors-DwcbDYjC.js:13
pl @ vendors-DwcbDYjC.js:13
hl @ vendors-DwcbDYjC.js:13
pl @ vendors-DwcbDYjC.js:13
hl @ vendors-DwcbDYjC.js:13
pl @ vendors-DwcbDYjC.js:13
hl @ vendors-DwcbDYjC.js:13
pl @ vendors-DwcbDYjC.js:13
hl @ vendors-DwcbDYjC.js:13
pl @ vendors-DwcbDYjC.js:13
hl @ vendors-DwcbDYjC.js:13
pl @ vendors-DwcbDYjC.js:13
hl @ vendors-DwcbDYjC.js:13
pl @ vendors-DwcbDYjC.js:13
hl @ vendors-DwcbDYjC.js:13
pl @ vendors-DwcbDYjC.js:13
hl @ vendors-DwcbDYjC.js:13
pl @ vendors-DwcbDYjC.js:13
hl @ vendors-DwcbDYjC.js:13
pl @ vendors-DwcbDYjC.js:13
hl @ vendors-DwcbDYjC.js:13
pl @ vendors-DwcbDYjC.js:13
hl @ vendors-DwcbDYjC.js:13
pl @ vendors-DwcbDYjC.js:13
hl @ vendors-DwcbDYjC.js:13
pl @ vendors-DwcbDYjC.js:13
hl @ vendors-DwcbDYjC.js:13
pl @ vendors-DwcbDYjC.js:13
hl @ vendors-DwcbDYjC.js:13
pl @ vendors-DwcbDYjC.js:13
hl @ vendors-DwcbDYjC.js:13
pl @ vendors-DwcbDYjC.js:13
hl @ vendors-DwcbDYjC.js:13
pl @ vendors-DwcbDYjC.js:13
hl @ vendors-DwcbDYjC.js:13
pl @ vendors-DwcbDYjC.js:13
hl @ vendors-DwcbDYjC.js:13
pl @ vendors-DwcbDYjC.js:13
hl @ vendors-DwcbDYjC.js:13
pl @ vendors-DwcbDYjC.js:13
hl @ vendors-DwcbDYjC.js:13
pl @ vendors-DwcbDYjC.js:13
hl @ vendors-DwcbDYjC.js:13
pl @ vendors-DwcbDYjC.js:13
hl @ vendors-DwcbDYjC.js:13
pl @ vendors-DwcbDYjC.js:13
hl @ vendors-DwcbDYjC.js:13
pl @ vendors-DwcbDYjC.js:13
hl @ vendors-DwcbDYjC.js:13
pl @ vendors-DwcbDYjC.js:13
hl @ vendors-DwcbDYjC.js:13
pl @ vendors-DwcbDYjC.js:13
hl @ vendors-DwcbDYjC.js:13
pl @ vendors-DwcbDYjC.js:13
hl @ vendors-DwcbDYjC.js:13
pl @ vendors-DwcbDYjC.js:13
hl @ vendors-DwcbDYjC.js:13
pl @ vendors-DwcbDYjC.js:13
hl @ vendors-DwcbDYjC.js:13
pl @ vendors-DwcbDYjC.js:13
hl @ vendors-DwcbDYjC.js:13
pl @ vendors-DwcbDYjC.js:13
hl @ vendors-DwcbDYjC.js:13
pl @ vendors-DwcbDYjC.js:13
hl @ vendors-DwcbDYjC.js:13
pl @ vendors-DwcbDYjC.js:13
hl @ vendors-DwcbDYjC.js:13
pl @ vendors-DwcbDYjC.js:13
hl @ vendors-DwcbDYjC.js:13
pl @ vendors-DwcbDYjC.js:13
hl @ vendors-DwcbDYjC.js:13
pl @ vendors-DwcbDYjC.js:13
hl @ vendors-DwcbDYjC.js:13
pl @ vendors-DwcbDYjC.js:13
hl @ vendors-DwcbDYjC.js:13
pl @ vendors-DwcbDYjC.js:13
hl @ vendors-DwcbDYjC.js:13
pl @ vendors-DwcbDYjC.js:13
hl @ vendors-DwcbDYjC.js:13
pl @ vendors-DwcbDYjC.js:13
hl @ vendors-DwcbDYjC.js:13
pl @ vendors-DwcbDYjC.js:13
hl @ vendors-DwcbDYjC.js:13
pl @ vendors-DwcbDYjC.js:13
hl @ vendors-DwcbDYjC.js:13
pl @ vendors-DwcbDYjC.js:13
hl @ vendors-DwcbDYjC.js:13
pl @ vendors-DwcbDYjC.js:13
hl @ vendors-DwcbDYjC.js:13
pl @ vendors-DwcbDYjC.js:13
hl @ vendors-DwcbDYjC.js:13
pl @ vendors-DwcbDYjC.js:13
hl @ vendors-DwcbDYjC.js:13
pl @ vendors-DwcbDYjC.js:13
hl @ vendors-DwcbDYjC.js:13
pl @ vendors-DwcbDYjC.js:13
hl @ vendors-DwcbDYjC.js:13
pl @ vendors-DwcbDYjC.js:13
hl @ vendors-DwcbDYjC.js:13
pl @ vendors-DwcbDYjC.js:13
hl @ vendors-DwcbDYjC.js:13
pl @ vendors-DwcbDYjC.js:13
hl @ vendors-DwcbDYjC.js:13
pl @ vendors-DwcbDYjC.js:13
hl @ vendors-DwcbDYjC.js:13
pl @ vendors-DwcbDYjC.js:13
hl @ vendors-DwcbDYjC.js:13
pl @ vendors-DwcbDYjC.js:13
hl @ vendors-DwcbDYjC.js:13
pl @ vendors-DwcbDYjC.js:13
hl @ vendors-DwcbDYjC.js:13
pl @ vendors-DwcbDYjC.js:13
hl @ vendors-DwcbDYjC.js:13
pl @ vendors-DwcbDYjC.js:13
hl @ vendors-DwcbDYjC.js:13
pl @ vendors-DwcbDYjC.js:13
hl @ vendors-DwcbDYjC.js:13
pl @ vendors-DwcbDYjC.js:13
hl @ vendors-DwcbDYjC.js:13
pl @ vendors-DwcbDYjC.js:13
hl @ vendors-DwcbDYjC.js:13
pl @ vendors-DwcbDYjC.js:13
hl @ vendors-DwcbDYjC.js:13
pl @ vendors-DwcbDYjC.js:13
hl @ vendors-DwcbDYjC.js:13
pl @ vendors-DwcbDYjC.js:13
hl @ vendors-DwcbDYjC.js:13
pl @ vendors-DwcbDYjC.js:13
hl @ vendors-DwcbDYjC.js:13
pl @ vendors-DwcbDYjC.js:13
hl @ vendors-DwcbDYjC.js:13
pl @ vendors-DwcbDYjC.js:13
hl @ vendors-DwcbDYjC.js:13
pl @ vendors-DwcbDYjC.js:13
hl @ vendors-DwcbDYjC.js:13
pl @ vendors-DwcbDYjC.js:13
hl @ vendors-DwcbDYjC.js:13
pl @ vendors-DwcbDYjC.js:13
hl @ vendors-DwcbDYjC.js:13
pl @ vendors-DwcbDYjC.js:13
hl @ vendors-DwcbDYjC.js:13
pl @ vendors-DwcbDYjC.js:13
hl @ vendors-DwcbDYjC.js:13
pl @ vendors-DwcbDYjC.js:13
hl @ vendors-DwcbDYjC.js:13
pl @ vendors-DwcbDYjC.js:13
hl @ vendors-DwcbDYjC.js:13
pl @ vendors-DwcbDYjC.js:13
hl @ vendors-DwcbDYjC.js:13
pl @ vendors-DwcbDYjC.js:13
hl @ vendors-DwcbDYjC.js:13
pl @ vendors-DwcbDYjC.js:13
hl @ vendors-DwcbDYjC.js:13
pl @ vendors-DwcbDYjC.js:13
hl @ vendors-DwcbDYjC.js:13
pl @ vendors-DwcbDYjC.js:13
hl @ vendors-DwcbDYjC.js:13
pl @ vendors-DwcbDYjC.js:13
hl @ vendors-DwcbDYjC.js:13
pl @ vendors-DwcbDYjC.js:13
hl @ vendors-DwcbDYjC.js:13
pl @ vendors-DwcbDYjC.js:13
hl @ vendors-DwcbDYjC.js:13
pl @ vendors-DwcbDYjC.js:13
hl @ vendors-DwcbDYjC.js:13
pl @ vendors-DwcbDYjC.js:13
hl @ vendors-DwcbDYjC.js:13
pl @ vendors-DwcbDYjC.js:13
hl @ vendors-DwcbDYjC.js:13
pl @ vendors-DwcbDYjC.js:13
hl @ vendors-DwcbDYjC.js:13
pl @ vendors-DwcbDYjC.js:13
hl @ vendors-DwcbDYjC.js:13
pl @ vendors-DwcbDYjC.js:13
hl @ vendors-DwcbDYjC.js:13
pl @ vendors-DwcbDYjC.js:13
hl @ vendors-DwcbDYjC.js:13
pl @ vendors-DwcbDYjC.js:13
postMessage
re @ vendors-DwcbDYjC.js:6
e.unstable_scheduleCallback @ vendors-DwcbDYjC.js:6
ad @ vendors-DwcbDYjC.js:13
id @ vendors-DwcbDYjC.js:13
(anonymous) @ vendors-DwcbDYjC.js:13
requestAnimationFrame
h @ framer-motion-CuSojzXL.js:1
requestAnimationFrame
h @ framer-motion-CuSojzXL.js:1
requestAnimationFrame
h @ framer-motion-CuSojzXL.js:1
requestAnimationFrame
h @ framer-motion-CuSojzXL.js:1
requestAnimationFrame
h @ framer-motion-CuSojzXL.js:1
requestAnimationFrame
h @ framer-motion-CuSojzXL.js:1
requestAnimationFrame
h @ framer-motion-CuSojzXL.js:1
requestAnimationFrame
h @ framer-motion-CuSojzXL.js:1
requestAnimationFrame
h @ framer-motion-CuSojzXL.js:1
requestAnimationFrame
h @ framer-motion-CuSojzXL.js:1
requestAnimationFrame
h @ framer-motion-CuSojzXL.js:1
requestAnimationFrame
h @ framer-motion-CuSojzXL.js:1
requestAnimationFrame
_ @ framer-motion-CuSojzXL.js:1
e.<computed> @ framer-motion-CuSojzXL.js:1
getSnapshotBeforeUpdate @ framer-motion-CuSojzXL.js:9
nl @ vendors-DwcbDYjC.js:13
Fu @ vendors-DwcbDYjC.js:13
hu @ vendors-DwcbDYjC.js:13
mu @ vendors-DwcbDYjC.js:13
od @ vendors-DwcbDYjC.js:13
w @ vendors-DwcbDYjC.js:6
postMessage
re @ vendors-DwcbDYjC.js:6
e.unstable_scheduleCallback @ vendors-DwcbDYjC.js:6
ad @ vendors-DwcbDYjC.js:13
id @ vendors-DwcbDYjC.js:13
(anonymous) @ vendors-DwcbDYjC.js:13
setTimeout
x @ vendors-DwcbDYjC.js:6
perplexity-C6cLIoV2.js:5 [CM:capture] perplexity {total: 12, user: 6, assistant: 6, preview: Array(12)}
shared-B_vq3eAE.js:3 [CM:validate] perplexity: {valid: true, errors: Array(0), warnings: Array(1), stats: {…}}
shared-B_vq3eAE.js:3 [CM:validate] perplexity: {valid: true, errors: Array(0), warnings: Array(1), stats: {…}}
shared-B_vq3eAE.js:9 [ContextMover] Snapshot hash unchanged, skipping
shared-B_vq3eAE.js:7 [CM:health] perplexity: success=70% assistant=70%
vendors-DwcbDYjC.js:13 [CM:health] ALERT: perplexity capture rate dropped to 70% — selectors may be broken
checkHealth @ shared-B_vq3eAE.js:7
record @ shared-B_vq3eAE.js:7
await in record
runCapturePipeline @ shared-B_vq3eAE.js:9
scrapeMessages @ perplexity-C6cLIoV2.js:5
_0x28dda8 @ shared-B_vq3eAE.js:9
setTimeout
_0x16a6a0 @ shared-B_vq3eAE.js:9
childList
cl @ vendors-DwcbDYjC.js:13
sl @ vendors-DwcbDYjC.js:13
cl @ vendors-DwcbDYjC.js:13
sl @ vendors-DwcbDYjC.js:13
cl @ vendors-DwcbDYjC.js:13
sl @ vendors-DwcbDYjC.js:13
cl @ vendors-DwcbDYjC.js:13
sl @ vendors-DwcbDYjC.js:13
cl @ vendors-DwcbDYjC.js:13
pl @ vendors-DwcbDYjC.js:13
hl @ vendors-DwcbDYjC.js:13
pl @ vendors-DwcbDYjC.js:13
hl @ vendors-DwcbDYjC.js:13
pl @ vendors-DwcbDYjC.js:13
hl @ vendors-DwcbDYjC.js:13
pl @ vendors-DwcbDYjC.js:13
hl @ vendors-DwcbDYjC.js:13
pl @ vendors-DwcbDYjC.js:13
hl @ vendors-DwcbDYjC.js:13
pl @ vendors-DwcbDYjC.js:13
hl @ vendors-DwcbDYjC.js:13
pl @ vendors-DwcbDYjC.js:13
hl @ vendors-DwcbDYjC.js:13
pl @ vendors-DwcbDYjC.js:13
hl @ vendors-DwcbDYjC.js:13
pl @ vendors-DwcbDYjC.js:13
hl @ vendors-DwcbDYjC.js:13
pl @ vendors-DwcbDYjC.js:13
hl @ vendors-DwcbDYjC.js:13
pl @ vendors-DwcbDYjC.js:13
hl @ vendors-DwcbDYjC.js:13
pl @ vendors-DwcbDYjC.js:13
hl @ vendors-DwcbDYjC.js:13
pl @ vendors-DwcbDYjC.js:13
hl @ vendors-DwcbDYjC.js:13
pl @ vendors-DwcbDYjC.js:13
hl @ vendors-DwcbDYjC.js:13
pl @ vendors-DwcbDYjC.js:13
hl @ vendors-DwcbDYjC.js:13
pl @ vendors-DwcbDYjC.js:13
hl @ vendors-DwcbDYjC.js:13
pl @ vendors-DwcbDYjC.js:13
hl @ vendors-DwcbDYjC.js:13
pl @ vendors-DwcbDYjC.js:13
hl @ vendors-DwcbDYjC.js:13
pl @ vendors-DwcbDYjC.js:13
hl @ vendors-DwcbDYjC.js:13
pl @ vendors-DwcbDYjC.js:13
hl @ vendors-DwcbDYjC.js:13
pl @ vendors-DwcbDYjC.js:13
hl @ vendors-DwcbDYjC.js:13
pl @ vendors-DwcbDYjC.js:13
hl @ vendors-DwcbDYjC.js:13
pl @ vendors-DwcbDYjC.js:13
hl @ vendors-DwcbDYjC.js:13
pl @ vendors-DwcbDYjC.js:13
hl @ vendors-DwcbDYjC.js:13
pl @ vendors-DwcbDYjC.js:13
hl @ vendors-DwcbDYjC.js:13
pl @ vendors-DwcbDYjC.js:13
hl @ vendors-DwcbDYjC.js:13
pl @ vendors-DwcbDYjC.js:13
hl @ vendors-DwcbDYjC.js:13
pl @ vendors-DwcbDYjC.js:13
hl @ vendors-DwcbDYjC.js:13
pl @ vendors-DwcbDYjC.js:13
hl @ vendors-DwcbDYjC.js:13
pl @ vendors-DwcbDYjC.js:13
hl @ vendors-DwcbDYjC.js:13
pl @ vendors-DwcbDYjC.js:13
hl @ vendors-DwcbDYjC.js:13
pl @ vendors-DwcbDYjC.js:13
hl @ vendors-DwcbDYjC.js:13
pl @ vendors-DwcbDYjC.js:13
hl @ vendors-DwcbDYjC.js:13
pl @ vendors-DwcbDYjC.js:13
hl @ vendors-DwcbDYjC.js:13
pl @ vendors-DwcbDYjC.js:13
hl @ vendors-DwcbDYjC.js:13
pl @ vendors-DwcbDYjC.js:13
hl @ vendors-DwcbDYjC.js:13
pl @ vendors-DwcbDYjC.js:13
hl @ vendors-DwcbDYjC.js:13
pl @ vendors-DwcbDYjC.js:13
hl @ vendors-DwcbDYjC.js:13
pl @ vendors-DwcbDYjC.js:13
hl @ vendors-DwcbDYjC.js:13
pl @ vendors-DwcbDYjC.js:13
hl @ vendors-DwcbDYjC.js:13
pl @ vendors-DwcbDYjC.js:13
hl @ vendors-DwcbDYjC.js:13
pl @ vendors-DwcbDYjC.js:13
hl @ vendors-DwcbDYjC.js:13
pl @ vendors-DwcbDYjC.js:13
hl @ vendors-DwcbDYjC.js:13
pl @ vendors-DwcbDYjC.js:13
hl @ vendors-DwcbDYjC.js:13
pl @ vendors-DwcbDYjC.js:13
hl @ vendors-DwcbDYjC.js:13
pl @ vendors-DwcbDYjC.js:13
hl @ vendors-DwcbDYjC.js:13
pl @ vendors-DwcbDYjC.js:13
hl @ vendors-DwcbDYjC.js:13
pl @ vendors-DwcbDYjC.js:13
hl @ vendors-DwcbDYjC.js:13
pl @ vendors-DwcbDYjC.js:13
hl @ vendors-DwcbDYjC.js:13
pl @ vendors-DwcbDYjC.js:13
hl @ vendors-DwcbDYjC.js:13
pl @ vendors-DwcbDYjC.js:13
hl @ vendors-DwcbDYjC.js:13
pl @ vendors-DwcbDYjC.js:13
hl @ vendors-DwcbDYjC.js:13
pl @ vendors-DwcbDYjC.js:13
hl @ vendors-DwcbDYjC.js:13
pl @ vendors-DwcbDYjC.js:13
hl @ vendors-DwcbDYjC.js:13
pl @ vendors-DwcbDYjC.js:13
hl @ vendors-DwcbDYjC.js:13
pl @ vendors-DwcbDYjC.js:13
hl @ vendors-DwcbDYjC.js:13
pl @ vendors-DwcbDYjC.js:13
hl @ vendors-DwcbDYjC.js:13
pl @ vendors-DwcbDYjC.js:13
hl @ vendors-DwcbDYjC.js:13
pl @ vendors-DwcbDYjC.js:13
hl @ vendors-DwcbDYjC.js:13
pl @ vendors-DwcbDYjC.js:13
hl @ vendors-DwcbDYjC.js:13
pl @ vendors-DwcbDYjC.js:13
hl @ vendors-DwcbDYjC.js:13
pl @ vendors-DwcbDYjC.js:13
hl @ vendors-DwcbDYjC.js:13
pl @ vendors-DwcbDYjC.js:13
hl @ vendors-DwcbDYjC.js:13
pl @ vendors-DwcbDYjC.js:13
hl @ vendors-DwcbDYjC.js:13
pl @ vendors-DwcbDYjC.js:13
hl @ vendors-DwcbDYjC.js:13
pl @ vendors-DwcbDYjC.js:13
hl @ vendors-DwcbDYjC.js:13
pl @ vendors-DwcbDYjC.js:13
hl @ vendors-DwcbDYjC.js:13
pl @ vendors-DwcbDYjC.js:13
hl @ vendors-DwcbDYjC.js:13
pl @ vendors-DwcbDYjC.js:13
hl @ vendors-DwcbDYjC.js:13
pl @ vendors-DwcbDYjC.js:13
hl @ vendors-DwcbDYjC.js:13
pl @ vendors-DwcbDYjC.js:13
hl @ vendors-DwcbDYjC.js:13
pl @ vendors-DwcbDYjC.js:13
hl @ vendors-DwcbDYjC.js:13
pl @ vendors-DwcbDYjC.js:13
hl @ vendors-DwcbDYjC.js:13
pl @ vendors-DwcbDYjC.js:13
hl @ vendors-DwcbDYjC.js:13
pl @ vendors-DwcbDYjC.js:13
hl @ vendors-DwcbDYjC.js:13
pl @ vendors-DwcbDYjC.js:13
hl @ vendors-DwcbDYjC.js:13
pl @ vendors-DwcbDYjC.js:13
hl @ vendors-DwcbDYjC.js:13
pl @ vendors-DwcbDYjC.js:13
hl @ vendors-DwcbDYjC.js:13
pl @ vendors-DwcbDYjC.js:13
hl @ vendors-DwcbDYjC.js:13
pl @ vendors-DwcbDYjC.js:13
hl @ vendors-DwcbDYjC.js:13
pl @ vendors-DwcbDYjC.js:13
hl @ vendors-DwcbDYjC.js:13
pl @ vendors-DwcbDYjC.js:13
hl @ vendors-DwcbDYjC.js:13
pl @ vendors-DwcbDYjC.js:13
hl @ vendors-DwcbDYjC.js:13
pl @ vendors-DwcbDYjC.js:13
hl @ vendors-DwcbDYjC.js:13
pl @ vendors-DwcbDYjC.js:13
hl @ vendors-DwcbDYjC.js:13
pl @ vendors-DwcbDYjC.js:13
hl @ vendors-DwcbDYjC.js:13
pl @ vendors-DwcbDYjC.js:13
hl @ vendors-DwcbDYjC.js:13
pl @ vendors-DwcbDYjC.js:13
hl @ vendors-DwcbDYjC.js:13
pl @ vendors-DwcbDYjC.js:13
hl @ vendors-DwcbDYjC.js:13
pl @ vendors-DwcbDYjC.js:13
hl @ vendors-DwcbDYjC.js:13
pl @ vendors-DwcbDYjC.js:13
hl @ vendors-DwcbDYjC.js:13
pl @ vendors-DwcbDYjC.js:13
hl @ vendors-DwcbDYjC.js:13
pl @ vendors-DwcbDYjC.js:13
hl @ vendors-DwcbDYjC.js:13
pl @ vendors-DwcbDYjC.js:13
hl @ vendors-DwcbDYjC.js:13
pl @ vendors-DwcbDYjC.js:13
hl @ vendors-DwcbDYjC.js:13
pl @ vendors-DwcbDYjC.js:13
postMessage
re @ vendors-DwcbDYjC.js:6
e.unstable_scheduleCallback @ vendors-DwcbDYjC.js:6
ad @ vendors-DwcbDYjC.js:13
id @ vendors-DwcbDYjC.js:13
(anonymous) @ vendors-DwcbDYjC.js:13
requestAnimationFrame
h @ framer-motion-CuSojzXL.js:1
requestAnimationFrame
h @ framer-motion-CuSojzXL.js:1
requestAnimationFrame
h @ framer-motion-CuSojzXL.js:1
requestAnimationFrame
h @ framer-motion-CuSojzXL.js:1
requestAnimationFrame
h @ framer-motion-CuSojzXL.js:1
requestAnimationFrame
h @ framer-motion-CuSojzXL.js:1
requestAnimationFrame
h @ framer-motion-CuSojzXL.js:1
requestAnimationFrame
h @ framer-motion-CuSojzXL.js:1
requestAnimationFrame
h @ framer-motion-CuSojzXL.js:1
requestAnimationFrame
h @ framer-motion-CuSojzXL.js:1
requestAnimationFrame
h @ framer-motion-CuSojzXL.js:1
requestAnimationFrame
h @ framer-motion-CuSojzXL.js:1
requestAnimationFrame
_ @ framer-motion-CuSojzXL.js:1
e.<computed> @ framer-motion-CuSojzXL.js:1
getSnapshotBeforeUpdate @ framer-motion-CuSojzXL.js:9
nl @ vendors-DwcbDYjC.js:13
Fu @ vendors-DwcbDYjC.js:13
hu @ vendors-DwcbDYjC.js:13
mu @ vendors-DwcbDYjC.js:13
od @ vendors-DwcbDYjC.js:13
w @ vendors-DwcbDYjC.js:6
postMessage
re @ vendors-DwcbDYjC.js:6
e.unstable_scheduleCallback @ vendors-DwcbDYjC.js:6
ad @ vendors-DwcbDYjC.js:13
id @ vendors-DwcbDYjC.js:13
(anonymous) @ vendors-DwcbDYjC.js:13
setTimeout
x @ vendors-DwcbDYjC.js:6
